Nombre;Fecha y hora;Azimut;Altitud;Mag.;Fase;Dist., UA;Elong.;Azimuts;Altures
Sol;01/01/2025 15:00;"+210°20'12.0""";"+19°25'05.6""";-26.39;—;0.983331;—;210.3333333;19.41666667
Sol;02/01/2025 15:00;"+210°16'19.9""";"+19°32'41.9""";-26.39;—;0.983321;—;210.2666667;19.53333333
Sol;03/01/2025 15:00;"+210°12'43.5""";"+19°40'40.8""";-26.4;—;0.983315;—;210.2;19.66666667
Sol;04/01/2025 15:00;"+210°09'23.6""";"+19°49'01.9""";-26.4;—;0.983313;—;210.15;19.81666667
Sol;05/01/2025 15:00;"+210°06'20.0""";"+19°57'45.1""";-26.4;—;0.983315;—;210.1;19.95
Sol;06/01/2025 15:00;"+210°03'33.6""";"+20°06'49.9""";-26.4;—;0.983322;—;210.05;20.1
Sol;07/01/2025 15:00;"+210°01'04.2""";"+20°16'16.1""";-26.41;—;0.983334;—;210.0166667;20.26666667
Sol;08/01/2025 15:00;"+209°58'52.4""";"+20°26'03.1""";-26.41;—;0.983351;—;209.9666667;20.43333333
Sol;09/01/2025 15:00;"+209°56'58.0""";"+20°36'11.0""";-26.41;—;0.983373;—;209.9333333;20.6
Sol;10/01/2025 15:00;"+209°55'21.7""";"+20°46'39.1""";-26.41;—;0.983402;—;209.9166667;20.76666667
Sol;11/01/2025 15:00;"+209°54'03.2""";"+20°57'27.4""";-26.42;—;0.983437;—;209.9;20.95
Sol;12/01/2025 15:00;"+209°53'03.2""";"+21°08'35.3""";-26.42;—;0.983478;—;209.8833333;21.13333333
Sol;13/01/2025 15:00;"+209°52'21.3""";"+21°20'02.6""";-26.42;—;0.983525;—;209.8666667;21.33333333
Sol;14/01/2025 15:00;"+209°51'58.2""";"+21°31'49.0""";-26.43;—;0.983579;—;209.85;21.51666667
Sol;15/01/2025 15:00;"+209°51'53.6""";"+21°43'54.2""";-26.43;—;0.98364;—;209.85;21.71666667
Sol;16/01/2025 15:00;"+209°52'08.1""";"+21°56'17.6""";-26.43;—;0.983706;—;209.8666667;21.93333333
Sol;17/01/2025 15:00;"+209°52'41.4""";"+22°08'59.4""";-26.44;—;0.983779;—;209.8666667;22.13333333
Sol;18/01/2025 15:00;"+209°53'34.2""";"+22°21'58.7""";-26.44;—;0.983857;—;209.8833333;22.35
Sol;19/01/2025 15:00;"+209°54'46.0""";"+22°35'15.6""";-26.44;—;0.983942;—;209.9;22.58333333
Sol;20/01/2025 15:00;"+209°56'17.6""";"+22°48'49.4""";-26.44;—;0.984031;—;209.9333333;22.8
Sol;21/01/2025 15:00;"+209°58'08.7""";"+23°02'40.0""";-26.45;—;0.984126;—;209.9666667;23.03333333
Sol;22/01/2025 15:00;"+210°00'19.7""";"+23°16'46.7""";-26.45;—;0.984225;—;210;23.26666667
Sol;23/01/2025 15:00;"+210°02'50.4""";"+23°31'09.5""";-26.45;—;0.98433;—;210.0333333;23.51666667
Sol;24/01/2025 15:00;"+210°05'41.5""";"+23°45'47.6""";-26.46;—;0.984438;—;210.0833333;23.75
Sol;25/01/2025 15:00;"+210°08'52.6""";"+24°00'41.0""";-26.46;—;0.984551;—;210.1333333;24
Sol;26/01/2025 15:00;"+210°12'24.2""";"+24°15'48.8""";-26.46;—;0.984668;—;210.2;24.25
Sol;27/01/2025 15:00;"+210°16'16.2""";"+24°31'10.9""";-26.46;—;0.984788;—;210.2666667;24.51666667
Sol;28/01/2025 15:00;"+210°20'29.1""";"+24°46'46.7""";-26.47;—;0.984912;—;210.3333333;24.76666667
Sol;29/01/2025 15:00;"+210°25'02.5""";"+25°02'35.8""";-26.47;—;0.985038;—;210.4166667;25.03333333
Sol;30/01/2025 15:00;"+210°29'57.2""";"+25°18'37.6""";-26.47;—;0.985168;—;210.4833333;25.3
Sol;31/01/2025 15:00;"+210°35'12.6""";"+25°34'52.0""";-26.47;—;0.985301;—;210.5833333;25.56666667
Sol;01/02/2025 15:00;"+210°40'49.5""";"+25°51'18.1""";-26.48;—;0.985437;—;210.6666667;25.85
Sol;02/02/2025 15:00;"+210°46'47.4""";"+26°07'55.8""";-26.48;—;0.985576;—;210.7666667;26.11666667
Sol;03/02/2025 15:00;"+210°53'07.0""";"+26°24'44.3""";-26.48;—;0.985719;—;210.8833333;26.4
Sol;04/02/2025 15:00;"+210°59'47.8""";"+26°41'43.5""";-26.48;—;0.985865;—;210.9833333;26.68333333
Sol;05/02/2025 15:00;"+211°06'50.3""";"+26°58'52.6""";-26.49;—;0.986016;—;211.1;26.96666667
Sol;06/02/2025 15:00;"+211°14'14.0""";"+27°16'11.5""";-26.49;—;0.986171;—;211.2333333;27.26666667
Sol;07/02/2025 15:00;"+211°21'59.5""";"+27°33'39.4""";-26.49;—;0.98633;—;211.35;27.55
Sol;08/02/2025 15:00;"+211°30'06.1""";"+27°51'16.3""";-26.49;—;0.986494;—;211.5;27.85
Sol;09/02/2025 15:00;"+211°38'34.4""";"+28°09'01.5""";-26.5;—;0.986663;—;211.6333333;28.15
Sol;10/02/2025 15:00;"+211°47'23.7""";"+28°26'54.7""";-26.5;—;0.986837;—;211.7833333;28.43333333
Sol;11/02/2025 15:00;"+211°56'34.5""";"+28°44'55.5""";-26.5;—;0.987017;—;211.9333333;28.73333333
Sol;12/02/2025 15:00;"+212°06'06.2""";"+29°03'03.7""";-26.5;—;0.987202;—;212.1;29.05
Sol;13/02/2025 15:00;"+212°15'59.2""";"+29°21'18.6""";-26.51;—;0.987391;—;212.25;29.35
Sol;14/02/2025 15:00;"+212°26'12.9""";"+29°39'40.2""";-26.51;—;0.987586;—;212.4333333;29.65
Sol;15/02/2025 15:00;"+212°36'47.7""";"+29°58'07.8""";-26.51;—;0.987786;—;212.6;29.96666667
Sol;16/02/2025 15:00;"+212°47'43.1""";"+30°16'41.4""";-26.51;—;0.987991;—;212.7833333;30.26666667
Sol;17/02/2025 15:00;"+212°58'59.4""";"+30°35'20.2""";-26.51;—;0.988199;—;212.9666667;30.58333333
Sol;18/02/2025 15:00;"+213°10'35.9""";"+30°54'04.2""";-26.52;—;0.988413;—;213.1666667;30.9
Sol;19/02/2025 15:00;"+213°22'33.2""";"+31°12'52.7""";-26.52;—;0.98863;—;213.3666667;31.2
Sol;20/02/2025 15:00;"+213°34'50.5""";"+31°31'45.7""";-26.52;—;0.98885;—;213.5666667;31.51666667
Sol;21/02/2025 15:00;"+213°47'28.1""";"+31°50'42.5""";-26.52;—;0.989074;—;213.7833333;31.83333333
Sol;22/02/2025 15:00;"+214°00'25.6""";"+32°09'43.0""";-26.52;—;0.989302;—;214;32.15
Sol;23/02/2025 15:00;"+214°13'43.1""";"+32°28'46.4""";-26.52;—;0.989531;—;214.2166667;32.46666667
Sol;24/02/2025 15:00;"+214°27'20.2""";"+32°47'52.8""";-26.53;—;0.989764;—;214.45;32.78333333
Sol;25/02/2025 15:00;"+214°41'17.2""";"+33°07'01.3""";-26.53;—;0.989998;—;214.6833333;33.11666667
Sol;26/02/2025 15:00;"+214°55'33.3""";"+33°26'11.9""";-26.53;—;0.990234;—;214.9166667;33.43333333
Sol;27/02/2025 15:00;"+215°10'09.1""";"+33°45'23.8""";-26.53;—;0.990471;—;215.1666667;33.75
Sol;28/02/2025 15:00;"+215°25'03.8""";"+34°04'37.0""";-26.53;—;0.99071;—;215.4166667;34.06666667
Sol;01/03/2025 15:00;"+215°40'17.8""";"+34°23'50.7""";-26.53;—;0.99095;—;215.6666667;34.38333333
Sol;02/03/2025 15:00;"+215°55'50.5""";"+34°43'04.9""";-26.53;—;0.991191;—;215.9166667;34.71666667
Sol;03/03/2025 15:00;"+216°11'42.1""";"+35°02'18.7""";-26.53;—;0.991433;—;216.1833333;35.03333333
Sol;04/03/2025 15:00;"+216°27'52.0""";"+35°21'32.3""";-26.54;—;0.991677;—;216.45;35.35
Sol;05/03/2025 15:00;"+216°44'20.4""";"+35°40'44.8""";-26.54;—;0.991923;—;216.7333333;35.66666667
Sol;06/03/2025 15:00;"+217°01'06.7""";"+35°59'56.2""";-26.54;—;0.992171;—;217.0166667;35.98333333
Sol;07/03/2025 15:00;"+217°18'10.9""";"+36°19'05.9""";-26.54;—;0.99242;—;217.3;36.31666667
Sol;08/03/2025 15:00;"+217°35'32.4""";"+36°38'13.8""";-26.54;—;0.992673;—;217.5833333;36.63333333
Sol;09/03/2025 15:00;"+217°53'11.3""";"+36°57'19.4""";-26.54;—;0.992928;—;217.8833333;36.95
Sol;10/03/2025 15:00;"+218°11'06.9""";"+37°16'22.6""";-26.54;—;0.993185;—;218.1833333;37.26666667
Sol;11/03/2025 15:00;"+218°29'19.1""";"+37°35'22.9""";-26.54;—;0.993446;—;218.4833333;37.58333333
Sol;12/03/2025 15:00;"+218°47'47.2""";"+37°54'20.4""";-26.54;—;0.99371;—;218.7833333;37.9
Sol;13/03/2025 15:00;"+219°06'31.3""";"+38°13'14.4""";-26.55;—;0.993977;—;219.1;38.21666667
Sol;14/03/2025 15:00;"+219°25'30.6""";"+38°32'05.2""";-26.55;—;0.994246;—;219.4166667;38.53333333
Sol;15/03/2025 15:00;"+219°44'45.1""";"+38°50'52.1""";-26.55;—;0.994519;—;219.7333333;38.83333333
Sol;16/03/2025 15:00;"+220°04'14.0""";"+39°09'35.2""";-26.55;—;0.994794;—;220.0666667;39.15
Sol;17/03/2025 15:00;"+220°23'57.3""";"+39°28'14.0""";-26.55;—;0.995072;—;220.3833333;39.46666667
Sol;18/03/2025 15:00;"+220°43'54.2""";"+39°46'48.6""";-26.55;—;0.995352;—;220.7166667;39.76666667
Sol;19/03/2025 15:00;"+221°04'04.6""";"+40°05'18.4""";-26.55;—;0.995635;—;221.0666667;40.08333333
Sol;20/03/2025 15:00;"+221°24'27.8""";"+40°23'43.6""";-26.55;—;0.995919;—;221.4;40.38333333
Sol;21/03/2025 15:00;"+221°45'03.6""";"+40°42'03.7""";-26.55;—;0.996205;—;221.75;40.7
Sol;22/03/2025 15:00;"+222°05'51.3""";"+41°00'18.7""";-26.55;—;0.996492;—;222.0833333;41
Sol;23/03/2025 15:00;"+222°26'50.7""";"+41°18'28.0""";-26.55;—;0.99678;—;222.4333333;41.3
Sol;24/03/2025 15:00;"+222°48'01.0""";"+41°36'31.9""";-26.55;—;0.997069;—;222.8;41.6
Sol;25/03/2025 15:00;"+223°09'22.2""";"+41°54'29.6""";-26.55;—;0.997357;—;223.15;41.9
Sol;26/03/2025 15:00;"+223°30'53.3""";"+42°12'21.5""";-26.55;—;0.997646;—;223.5;42.2
Sol;27/03/2025 15:00;"+223°52'34.4""";"+42°30'06.8""";-26.55;—;0.997934;—;223.8666667;42.5
Sol;28/03/2025 15:00;"+224°14'24.4""";"+42°47'45.8""";-26.55;—;0.998221;—;224.2333333;42.78333333
Sol;29/03/2025 15:00;"+224°36'23.4""";"+43°05'17.6""";-26.56;—;0.998507;—;224.6;43.08333333
Sol;30/03/2025 16:00;"+224°58'30.5""";"+43°22'42.7""";-26.56;—;0.998792;—;224.9666667;43.36666667
Sol;31/03/2025 16:00;"+225°20'45.6""";"+43°40'00.2""";-26.56;—;0.999075;—;225.3333333;43.66666667
Sol;01/04/2025 16:00;"+225°43'07.8""";"+43°57'10.4""";-26.56;—;0.999358;—;225.7166667;43.95
Sol;02/04/2025 16:00;"+226°05'37.0""";"+44°14'12.7""";-26.56;—;0.999639;—;226.0833333;44.23333333
Sol;03/04/2025 16:00;"+226°28'12.3""";"+44°31'07.2""";-26.56;—;0.999919;—;226.4666667;44.51666667
Sol;04/04/2025 16:00;"+226°50'53.5""";"+44°47'53.4""";-26.56;—;1.000199;—;226.8333333;44.78333333
Sol;05/04/2025 16:00;"+227°13'39.5""";"+45°04'31.6""";-26.56;—;1.000479;—;227.2166667;45.06666667
Sol;06/04/2025 16:00;"+227°36'30.3""";"+45°21'01.2""";-26.56;—;1.000758;—;227.6;45.35
Sol;07/04/2025 16:00;"+227°59'24.6""";"+45°37'22.5""";-26.56;—;1.001038;—;227.9833333;45.61666667
Sol;08/04/2025 16:00;"+228°22'22.3""";"+45°53'35.0""";-26.56;—;1.001318;—;228.3666667;45.88333333
Sol;09/04/2025 16:00;"+228°45'22.4""";"+46°09'39.1""";-26.56;—;1.001598;—;228.75;46.15
Sol;10/04/2025 16:00;"+229°08'24.5""";"+46°25'34.2""";-26.56;—;1.001879;—;229.1333333;46.41666667
Sol;11/04/2025 16:00;"+229°31'27.6""";"+46°41'20.8""";-26.56;—;1.00216;—;229.5166667;46.68333333
Sol;12/04/2025 16:00;"+229°54'31.4""";"+46°56'58.3""";-26.56;—;1.002441;—;229.9;46.93333333
Sol;13/04/2025 16:00;"+230°17'34.8""";"+47°12'27.1""";-26.56;—;1.002723;—;230.2833333;47.2
Sol;14/04/2025 16:00;"+230°40'37.5""";"+47°27'46.8""";-26.56;—;1.003006;—;230.6666667;47.45
Sol;15/04/2025 16:00;"+231°03'38.4""";"+47°42'57.8""";-26.56;—;1.003288;—;231.05;47.7
Sol;16/04/2025 16:00;"+231°26'37.1""";"+47°57'59.5""";-26.56;—;1.003571;—;231.4333333;47.95
Sol;17/04/2025 16:00;"+231°49'32.4""";"+48°12'52.5""";-26.56;—;1.003853;—;231.8166667;48.2
Sol;18/04/2025 16:00;"+232°12'24.2""";"+48°27'36.3""";-26.56;—;1.004135;—;232.2;48.45
Sol;19/04/2025 16:00;"+232°35'11.2""";"+48°42'11.1""";-26.56;—;1.004416;—;232.5833333;48.7
Sol;20/04/2025 16:00;"+232°57'53.0""";"+48°56'36.6""";-26.56;—;1.004697;—;232.95;48.93333333
Sol;21/04/2025 16:00;"+233°20'28.5""";"+49°10'53.2""";-26.56;—;1.004976;—;233.3333333;49.16666667
Sol;22/04/2025 16:00;"+233°42'57.5""";"+49°25'00.3""";-26.56;—;1.005253;—;233.7;49.41666667
Sol;23/04/2025 16:00;"+234°05'18.6""";"+49°38'58.3""";-26.56;—;1.005528;—;234.0833333;49.63333333
Sol;24/04/2025 16:00;"+234°27'31.6""";"+49°52'46.7""";-26.56;—;1.005801;—;234.45;49.86666667
Sol;25/04/2025 16:00;"+234°49'35.2""";"+50°06'26.0""";-26.56;—;1.006071;—;234.8166667;50.1
Sol;26/04/2025 16:00;"+235°11'29.2""";"+50°19'55.4""";-26.56;—;1.006338;—;235.1833333;50.31666667
Sol;27/04/2025 16:00;"+235°33'12.5""";"+50°33'15.6""";-26.56;—;1.006601;—;235.55;50.55
Sol;28/04/2025 16:00;"+235°54'44.9""";"+50°46'25.7""";-26.56;—;1.00686;—;235.9;50.76666667
Sol;29/04/2025 16:00;"+236°16'05.0""";"+50°59'26.3""";-26.56;—;1.007116;—;236.2666667;50.98333333
Sol;30/04/2025 16:00;"+236°37'12.8""";"+51°12'16.7""";-26.56;—;1.007369;—;236.6166667;51.2
Sol;01/05/2025 16:00;"+236°58'07.1""";"+51°24'57.3""";-26.56;—;1.007617;—;236.9666667;51.4
Sol;02/05/2025 16:00;"+237°18'47.6""";"+51°37'27.5""";-26.56;—;1.007863;—;237.3;51.61666667
Sol;03/05/2025 16:00;"+237°39'13.1""";"+51°49'47.8""";-26.56;—;1.008106;—;237.65;51.81666667
Sol;04/05/2025 16:00;"+237°59'23.2""";"+52°01'57.6""";-26.56;—;1.008346;—;237.9833333;52.01666667
Sol;05/05/2025 16:00;"+238°19'16.7""";"+52°13'57.4""";-26.56;—;1.008584;—;238.3166667;52.21666667
Sol;06/05/2025 16:00;"+238°38'53.4""";"+52°25'46.6""";-26.56;—;1.008819;—;238.6333333;52.41666667
Sol;07/05/2025 16:00;"+238°58'12.0""";"+52°37'25.8""";-26.56;—;1.009052;—;238.9666667;52.61666667
Sol;08/05/2025 16:00;"+239°17'12.2""";"+52°48'54.5""";-26.56;—;1.009283;—;239.2833333;52.8
Sol;09/05/2025 16:00;"+239°35'52.7""";"+53°00'13.1""";-26.56;—;1.009513;—;239.5833333;53
Sol;10/05/2025 16:00;"+239°54'13.3""";"+53°11'21.1""";-26.56;—;1.00974;—;239.9;53.18333333
Sol;11/05/2025 16:00;"+240°12'12.7""";"+53°22'19.1""";-26.56;—;1.009966;—;240.2;53.36666667
Sol;12/05/2025 16:00;"+240°29'50.7""";"+53°33'06.4""";-26.56;—;1.01019;—;240.4833333;53.55
Sol;13/05/2025 16:00;"+240°47'05.9""";"+53°43'43.7""";-26.56;—;1.010412;—;240.7833333;53.71666667
Sol;14/05/2025 16:00;"+241°03'58.3""";"+53°54'10.4""";-26.56;—;1.010633;—;241.05;53.9
Sol;15/05/2025 16:00;"+241°20'26.4""";"+54°04'26.9""";-26.56;—;1.010851;—;241.3333333;54.06666667
Sol;16/05/2025 16:00;"+241°36'30.0""";"+54°14'32.9""";-26.56;—;1.011068;—;241.6;54.23333333
Sol;17/05/2025 16:00;"+241°52'08.0""";"+54°24'28.6""";-26.56;—;1.011282;—;241.8666667;54.4
Sol;18/05/2025 16:00;"+242°07'20.1""";"+54°34'13.7""";-26.56;—;1.011493;—;242.1166667;54.56666667
Sol;19/05/2025 16:00;"+242°22'05.0""";"+54°43'48.5""";-26.56;—;1.011702;—;242.3666667;54.71666667
Sol;20/05/2025 16:00;"+242°36'22.6""";"+54°53'12.4""";-26.56;—;1.011907;—;242.6;54.88333333
Sol;21/05/2025 16:00;"+242°50'11.7""";"+55°02'25.9""";-26.56;—;1.012109;—;242.8333333;55.03333333
Sol;22/05/2025 16:00;"+243°03'32.1""";"+55°11'28.3""";-26.56;—;1.012307;—;243.05;55.18333333
Sol;23/05/2025 16:00;"+243°16'22.7""";"+55°20'20.1""";-26.56;—;1.012501;—;243.2666667;55.33333333
Sol;24/05/2025 16:00;"+243°28'43.5""";"+55°29'00.6""";-26.56;—;1.012691;—;243.4666667;55.48333333
Sol;25/05/2025 16:00;"+243°40'33.5""";"+55°37'30.1""";-26.56;—;1.012875;—;243.6666667;55.61666667
Sol;26/05/2025 16:00;"+243°51'52.5""";"+55°45'48.1""";-26.56;—;1.013054;—;243.85;55.75
Sol;27/05/2025 16:00;"+244°02'39.8""";"+55°53'54.7""";-26.56;—;1.013227;—;244.0333333;55.88333333
Sol;28/05/2025 16:00;"+244°12'55.3""";"+56°01'49.3""";-26.56;—;1.013396;—;244.2;56.01666667
Sol;29/05/2025 16:00;"+244°22'38.2""";"+56°09'32.2""";-26.56;—;1.013558;—;244.3666667;56.15
Sol;30/05/2025 16:00;"+244°31'48.6""";"+56°17'02.6""";-26.56;—;1.013716;—;244.5166667;56.28333333
Sol;31/05/2025 16:00;"+244°40'25.6""";"+56°24'20.9""";-26.56;—;1.013869;—;244.6666667;56.4
Sol;01/06/2025 16:00;"+244°48'29.3""";"+56°31'26.4""";-26.56;—;1.014017;—;244.8;56.51666667
Sol;02/06/2025 16:00;"+244°55'58.8""";"+56°38'19.3""";-26.56;—;1.01416;—;244.9166667;56.63333333
Sol;03/06/2025 16:00;"+245°02'54.3""";"+56°44'59.1""";-26.56;—;1.014299;—;245.0333333;56.73333333
Sol;04/06/2025 16:00;"+245°09'15.0""";"+56°51'26.0""";-26.56;—;1.014435;—;245.15;56.85
Sol;05/06/2025 16:00;"+245°15'01.1""";"+56°57'39.4""";-26.56;—;1.014566;—;245.25;56.95
Sol;06/06/2025 16:00;"+245°20'11.8""";"+57°03'39.5""";-26.56;—;1.014694;—;245.3333333;57.05
Sol;07/06/2025 16:00;"+245°24'47.4""";"+57°09'25.9""";-26.56;—;1.014818;—;245.4;57.15
Sol;08/06/2025 16:00;"+245°28'47.0""";"+57°14'58.7""";-26.56;—;1.014939;—;245.4666667;57.23333333
Sol;09/06/2025 16:00;"+245°32'11.3""";"+57°20'17.2""";-26.56;—;1.015057;—;245.5333333;57.33333333
Sol;10/06/2025 16:00;"+245°34'59.3""";"+57°25'21.9""";-26.56;—;1.015171;—;245.5666667;57.41666667
Sol;11/06/2025 16:00;"+245°37'11.5""";"+57°30'12.0""";-26.56;—;1.015283;—;245.6166667;57.5
Sol;12/06/2025 16:00;"+245°38'47.3""";"+57°34'47.8""";-26.56;—;1.015391;—;245.6333333;57.56666667
Sol;13/06/2025 16:00;"+245°39'47.2""";"+57°39'08.7""";-26.55;—;1.015496;—;245.65;57.65
Sol;14/06/2025 16:00;"+245°40'10.5""";"+57°43'14.8""";-26.55;—;1.015598;—;245.6666667;57.71666667
Sol;15/06/2025 16:00;"+245°39'57.9""";"+57°47'05.6""";-26.55;—;1.015696;—;245.65;57.78333333
Sol;16/06/2025 16:00;"+245°39'08.7""";"+57°50'41.2""";-26.55;—;1.015791;—;245.65;57.83333333
Sol;17/06/2025 16:00;"+245°37'43.7""";"+57°54'01.0""";-26.55;—;1.015882;—;245.6166667;57.9
Sol;18/06/2025 16:00;"+245°35'42.3""";"+57°57'05.1""";-26.55;—;1.015969;—;245.5833333;57.95
Sol;19/06/2025 16:00;"+245°33'05.4""";"+57°59'52.9""";-26.55;—;1.016051;—;245.55;57.98333333
Sol;20/06/2025 16:00;"+245°29'52.6""";"+58°02'24.5""";-26.55;—;1.016129;—;245.4833333;58.03333333
Sol;21/06/2025 16:00;"+245°26'04.8""";"+58°04'39.2""";-26.55;—;1.016201;—;245.4333333;58.06666667
Sol;22/06/2025 16:00;"+245°21'41.9""";"+58°06'37.2""";-26.55;—;1.016267;—;245.35;58.1
Sol;23/06/2025 16:00;"+245°16'44.9""";"+58°08'17.6""";-26.55;—;1.016328;—;245.2666667;58.13333333
Sol;24/06/2025 16:00;"+245°11'13.8""";"+58°09'40.7""";-26.55;—;1.016383;—;245.1833333;58.15
Sol;25/06/2025 16:00;"+245°05'09.8""";"+58°10'45.7""";-26.55;—;1.016431;—;245.0833333;58.16666667
Sol;26/06/2025 16:00;"+244°58'32.9""";"+58°11'32.7""";-26.55;—;1.016473;—;244.9666667;58.18333333
Sol;27/06/2025 16:00;"+244°51'24.6""";"+58°12'00.9""";-26.55;—;1.016509;—;244.85;58.2
Sol;28/06/2025 16:00;"+244°43'44.7""";"+58°12'10.4""";-26.55;—;1.016539;—;244.7166667;58.2
Sol;29/06/2025 16:00;"+244°35'34.8""";"+58°12'00.6""";-26.55;—;1.016564;—;244.5833333;58.2
Sol;30/06/2025 16:00;"+244°26'54.9""";"+58°11'31.6""";-26.55;—;1.016582;—;244.4333333;58.18333333
Sol;01/07/2025 16:00;"+244°17'46.4""";"+58°10'42.8""";-26.55;—;1.016596;—;244.2833333;58.16666667
Sol;02/07/2025 16:00;"+244°08'09.5""";"+58°09'34.2""";-26.55;—;1.016604;—;244.1333333;58.15
Sol;03/07/2025 16:00;"+243°58'05.8""";"+58°08'05.3""";-26.55;—;1.016607;—;243.9666667;58.13333333
Sol;04/07/2025 16:00;"+243°47'35.2""";"+58°06'16.2""";-26.55;—;1.016606;—;243.7833333;58.1
Sol;05/07/2025 16:00;"+243°36'39.6""";"+58°04'06.4""";-26.55;—;1.016601;—;243.6;58.06666667
Sol;06/07/2025 16:00;"+243°25'19.0""";"+58°01'36.1""";-26.55;—;1.016591;—;243.4166667;58.01666667
Sol;07/07/2025 16:00;"+243°13'35.1""";"+57°58'44.8""";-26.55;—;1.016578;—;243.2166667;57.96666667
Sol;08/07/2025 16:00;"+243°01'28.0""";"+57°55'32.6""";-26.55;—;1.016561;—;243.0166667;57.91666667
Sol;09/07/2025 16:00;"+242°48'59.4""";"+57°51'59.0""";-26.55;—;1.01654;—;242.8;57.85
Sol;10/07/2025 16:00;"+242°36'09.6""";"+57°48'04.3""";-26.55;—;1.016515;—;242.6;57.8
Sol;11/07/2025 16:00;"+242°23'00.2""";"+57°43'48.1""";-26.55;—;1.016488;—;242.3833333;57.71666667
Sol;12/07/2025 16:00;"+242°09'31.3""";"+57°39'10.5""";-26.55;—;1.016457;—;242.15;57.65
Sol;13/07/2025 16:00;"+241°55'44.8""";"+57°34'11.0""";-26.55;—;1.016422;—;241.9166667;57.56666667
Sol;14/07/2025 16:00;"+241°41'40.7""";"+57°28'50.0""";-26.55;—;1.016384;—;241.6833333;57.46666667
Sol;15/07/2025 16:00;"+241°27'20.9""";"+57°23'07.1""";-26.55;—;1.016342;—;241.45;57.38333333
Sol;16/07/2025 16:00;"+241°12'45.5""";"+57°17'02.4""";-26.55;—;1.016297;—;241.2;57.28333333
Sol;17/07/2025 16:00;"+240°57'56.2""";"+57°10'35.6""";-26.55;—;1.016247;—;240.95;57.16666667
Sol;18/07/2025 16:00;"+240°42'53.3""";"+57°03'46.9""";-26.55;—;1.016192;—;240.7;57.05
Sol;19/07/2025 16:00;"+240°27'38.7""";"+56°56'36.0""";-26.55;—;1.016133;—;240.45;56.93333333
Sol;20/07/2025 16:00;"+240°12'12.5""";"+56°49'03.2""";-26.55;—;1.016069;—;240.2;56.81666667
Sol;21/07/2025 16:00;"+239°56'36.8""";"+56°41'08.1""";-26.55;—;1.015999;—;239.9333333;56.68333333
Sol;22/07/2025 16:00;"+239°40'51.7""";"+56°32'51.1""";-26.55;—;1.015924;—;239.6666667;56.53333333
Sol;23/07/2025 16:00;"+239°24'59.4""";"+56°24'11.7""";-26.55;—;1.015842;—;239.4;56.4
Sol;24/07/2025 16:00;"+239°09'00.0""";"+56°15'10.3""";-26.55;—;1.015755;—;239.15;56.25
Sol;25/07/2025 16:00;"+238°52'55.4""";"+56°05'46.7""";-26.55;—;1.015662;—;238.8666667;56.08333333
Sol;26/07/2025 16:00;"+238°36'46.0""";"+55°56'01.1""";-26.55;—;1.015562;—;238.6;55.93333333
Sol;27/07/2025 16:00;"+238°20'33.6""";"+55°45'53.3""";-26.55;—;1.015457;—;238.3333333;55.75
Sol;28/07/2025 16:00;"+238°04'18.2""";"+55°35'23.7""";-26.55;—;1.015347;—;238.0666667;55.58333333
Sol;29/07/2025 16:00;"+237°48'01.7""";"+55°24'32.1""";-26.55;—;1.015231;—;237.8;55.4
Sol;30/07/2025 16:00;"+237°31'44.1""";"+55°13'19.0""";-26.55;—;1.01511;—;237.5166667;55.21666667
Sol;31/07/2025 16:00;"+237°15'27.0""";"+55°01'44.1""";-26.55;—;1.014984;—;237.25;55.01666667
Sol;01/08/2025 16:00;"+236°59'10.5""";"+54°49'48.0""";-26.55;—;1.014853;—;236.9833333;54.81666667
Sol;02/08/2025 16:00;"+236°42'56.2""";"+54°37'30.5""";-26.55;—;1.014719;—;236.7;54.61666667
Sol;03/08/2025 16:00;"+236°26'43.8""";"+54°24'52.2""";-26.55;—;1.01458;—;236.4333333;54.4
Sol;04/08/2025 16:00;"+236°10'35.1""";"+54°11'53.0""";-26.55;—;1.014438;—;236.1666667;54.18333333
Sol;05/08/2025 16:00;"+235°54'29.6""";"+53°58'33.4""";-26.55;—;1.014292;—;235.9;53.96666667
Sol;06/08/2025 16:00;"+235°38'29.0""";"+53°44'53.4""";-26.55;—;1.014143;—;235.6333333;53.73333333
Sol;07/08/2025 16:00;"+235°22'32.7""";"+53°30'53.4""";-26.55;—;1.013991;—;235.3666667;53.5
Sol;08/08/2025 16:00;"+235°06'42.1""";"+53°16'33.7""";-26.55;—;1.013836;—;235.1;53.26666667
Sol;09/08/2025 16:00;"+234°50'56.8""";"+53°01'54.6""";-26.55;—;1.013678;—;234.8333333;53.01666667
Sol;10/08/2025 16:00;"+234°35'18.0""";"+52°46'56.3""";-26.55;—;1.013518;—;234.5833333;52.76666667
Sol;11/08/2025 16:00;"+234°19'45.1""";"+52°31'39.3""";-26.55;—;1.013356;—;234.3166667;52.51666667
Sol;12/08/2025 16:00;"+234°04'19.3""";"+52°16'03.6""";-26.55;—;1.013191;—;234.0666667;52.26666667
Sol;13/08/2025 16:00;"+233°49'00.0""";"+52°00'09.8""";-26.55;—;1.013023;—;233.8166667;52
Sol;14/08/2025 16:00;"+233°33'48.3""";"+51°43'58.0""";-26.55;—;1.012852;—;233.55;51.71666667
Sol;15/08/2025 16:00;"+233°18'43.7""";"+51°27'28.8""";-26.55;—;1.012678;—;233.3;51.45
Sol;16/08/2025 16:00;"+233°03'47.1""";"+51°10'42.3""";-26.55;—;1.012501;—;233.05;51.16666667
Sol;17/08/2025 16:00;"+232°48'57.9""";"+50°53'39.0""";-26.55;—;1.012319;—;232.8;50.88333333
Sol;18/08/2025 16:00;"+232°34'17.4""";"+50°36'19.1""";-26.55;—;1.012134;—;232.5666667;50.6
Sol;19/08/2025 16:00;"+232°19'44.8""";"+50°18'43.2""";-26.55;—;1.011945;—;232.3166667;50.3
Sol;20/08/2025 16:00;"+232°05'21.1""";"+50°00'51.4""";-26.55;—;1.011751;—;232.0833333;50
Sol;21/08/2025 16:00;"+231°51'05.9""";"+49°42'44.3""";-26.55;—;1.011552;—;231.85;49.7
Sol;22/08/2025 16:00;"+231°37'00.1""";"+49°24'22.1""";-26.55;—;1.011348;—;231.6166667;49.4
Sol;23/08/2025 16:00;"+231°23'03.0""";"+49°05'45.3""";-26.55;—;1.01114;—;231.3833333;49.08333333
Sol;24/08/2025 16:00;"+231°09'15.6""";"+48°46'54.2""";-26.55;—;1.010927;—;231.15;48.76666667
Sol;25/08/2025 16:00;"+230°55'37.1""";"+48°27'49.3""";-26.55;—;1.01071;—;230.9166667;48.45
Sol;26/08/2025 16:00;"+230°42'08.5""";"+48°08'30.8""";-26.55;—;1.010489;—;230.7;48.13333333
Sol;27/08/2025 16:00;"+230°28'49.0""";"+47°48'59.4""";-26.54;—;1.010263;—;230.4666667;47.8
Sol;28/08/2025 16:00;"+230°15'39.2""";"+47°29'15.2""";-26.54;—;1.010033;—;230.25;47.48333333
Sol;29/08/2025 16:00;"+230°02'38.5""";"+47°09'18.9""";-26.54;—;1.0098;—;230.0333333;47.15
Sol;30/08/2025 16:00;"+229°49'47.5""";"+46°49'10.7""";-26.54;—;1.009564;—;229.8166667;46.81666667
Sol;31/08/2025 16:00;"+229°37'05.2""";"+46°28'51.4""";-26.54;—;1.009324;—;229.6166667;46.46666667
Sol;01/09/2025 16:00;"+229°24'32.5""";"+46°08'21.0""";-26.54;—;1.009082;—;229.4;46.13333333
Sol;02/09/2025 16:00;"+229°12'08.4""";"+45°47'40.3""";-26.54;—;1.008838;—;229.2;45.78333333
Sol;03/09/2025 16:00;"+228°59'53.5""";"+45°26'49.6""";-26.54;—;1.008591;—;228.9833333;45.43333333
Sol;04/09/2025 16:00;"+228°47'46.9""";"+45°05'49.4""";-26.54;—;1.008343;—;228.7833333;45.08333333
Sol;05/09/2025 16:00;"+228°35'49.0""";"+44°44'40.1""";-26.54;—;1.008093;—;228.5833333;44.73333333
Sol;06/09/2025 16:00;"+228°23'58.9""";"+44°23'22.2""";-26.54;—;1.007842;—;228.3833333;44.38333333
Sol;07/09/2025 16:00;"+228°12'17.0""";"+44°01'56.2""";-26.54;—;1.00759;—;228.2;44.01666667
Sol;08/09/2025 16:00;"+228°00'42.3""";"+43°40'22.6""";-26.54;—;1.007338;—;228;43.66666667
Sol;09/09/2025 16:00;"+227°49'15.1""";"+43°18'41.6""";-26.54;—;1.007084;—;227.8166667;43.3
Sol;10/09/2025 16:00;"+227°37'54.5""";"+42°56'54.0""";-26.54;—;1.00683;—;227.6166667;42.93333333
Sol;11/09/2025 16:00;"+227°26'40.8""";"+42°35'00.0""";-26.54;—;1.006575;—;227.4333333;42.58333333
Sol;12/09/2025 16:00;"+227°15'33.0""";"+42°13'00.3""";-26.54;—;1.006319;—;227.25;42.21666667
Sol;13/09/2025 16:00;"+227°04'31.6""";"+41°50'55.1""";-26.53;—;1.006062;—;227.0666667;41.83333333
Sol;14/09/2025 16:00;"+226°53'35.5""";"+41°28'45.1""";-26.53;—;1.005803;—;226.8833333;41.46666667
Sol;15/09/2025 16:00;"+226°42'45.4""";"+41°06'30.6""";-26.53;—;1.005543;—;226.7;41.1
Sol;16/09/2025 16:00;"+226°32'00.2""";"+40°44'12.2""";-26.53;—;1.00528;—;226.5333333;40.73333333
Sol;17/09/2025 16:00;"+226°21'20.5""";"+40°21'50.3""";-26.53;—;1.005015;—;226.35;40.35
Sol;18/09/2025 16:00;"+226°10'45.4""";"+39°59'25.5""";-26.53;—;1.004747;—;226.1666667;39.98333333
Sol;19/09/2025 16:00;"+226°00'15.3""";"+39°36'58.0""";-26.53;—;1.004477;—;226;39.6
Sol;20/09/2025 16:00;"+225°49'49.5""";"+39°14'28.6""";-26.53;—;1.004205;—;225.8166667;39.23333333
Sol;21/09/2025 16:00;"+225°39'28.3""";"+38°51'57.6""";-26.53;—;1.003929;—;225.65;38.85
Sol;22/09/2025 16:00;"+225°29'11.1""";"+38°29'25.4""";-26.53;—;1.003652;—;225.4833333;38.48333333
Sol;23/09/2025 16:00;"+225°18'58.2""";"+38°06'52.5""";-26.52;—;1.003371;—;225.3;38.1
Sol;24/09/2025 16:00;"+225°08'48.8""";"+37°44'19.5""";-26.52;—;1.003089;—;225.1333333;37.73333333
Sol;25/09/2025 16:00;"+224°58'43.4""";"+37°21'46.8""";-26.52;—;1.002804;—;224.9666667;37.35
Sol;26/09/2025 16:00;"+224°48'41.1""";"+36°59'14.8""";-26.52;—;1.002518;—;224.8;36.98333333
Sol;27/09/2025 16:00;"+224°38'42.4""";"+36°36'44.0""";-26.52;—;1.00223;—;224.6333333;36.6
Sol;28/09/2025 16:00;"+224°28'46.4""";"+36°14'15.0""";-26.52;—;1.001941;—;224.4666667;36.23333333
Sol;29/09/2025 16:00;"+224°18'53.5""";"+35°51'48.1""";-26.52;—;1.00165;—;224.3;35.85
Sol;30/09/2025 16:00;"+224°09'03.0""";"+35°29'23.9""";-26.52;—;1.00136;—;224.15;35.48333333
Sol;01/10/2025 16:00;"+223°59'15.2""";"+35°07'02.8""";-26.51;—;1.001068;—;223.9833333;35.11666667
Sol;02/10/2025 16:00;"+223°49'29.3""";"+34°44'45.3""";-26.51;—;1.000777;—;223.8166667;34.73333333
Sol;03/10/2025 16:00;"+223°39'45.7""";"+34°22'32.0""";-26.51;—;1.000486;—;223.65;34.36666667
Sol;04/10/2025 16:00;"+223°30'03.6""";"+34°00'23.2""";-26.51;—;1.000196;—;223.5;34
Sol;05/10/2025 16:00;"+223°20'23.2""";"+33°38'19.4""";-26.51;—;0.999907;—;223.3333333;33.63333333
Sol;06/10/2025 16:00;"+223°10'43.7""";"+33°16'21.1""";-26.51;—;0.999619;—;223.1666667;33.26666667
Sol;07/10/2025 16:00;"+223°01'05.5""";"+32°54'28.8""";-26.5;—;0.999332;—;223.0166667;32.9
Sol;08/10/2025 16:00;"+222°51'27.5""";"+32°32'43.0""";-26.5;—;0.999048;—;222.85;32.53333333
Sol;09/10/2025 16:00;"+222°41'50.3""";"+32°11'04.0""";-26.5;—;0.998765;—;222.6833333;32.18333333
Sol;10/10/2025 16:00;"+222°32'12.9""";"+31°49'32.4""";-26.5;—;0.998484;—;222.5333333;31.81666667
Sol;11/10/2025 16:00;"+222°22'35.6""";"+31°28'08.5""";-26.5;—;0.998204;—;222.3666667;31.46666667
Sol;12/10/2025 16:00;"+222°12'57.8""";"+31°06'53.1""";-26.5;—;0.997925;—;222.2;31.1
Sol;13/10/2025 16:00;"+222°03'19.9""";"+30°45'46.4""";-26.49;—;0.997647;—;222.05;30.75
Sol;14/10/2025 16:00;"+221°53'41.1""";"+30°24'48.9""";-26.49;—;0.99737;—;221.8833333;30.4
Sol;15/10/2025 16:00;"+221°44'02.0""";"+30°04'01.2""";-26.49;—;0.997093;—;221.7333333;30.06666667
Sol;16/10/2025 16:00;"+221°34'21.8""";"+29°43'23.7""";-26.49;—;0.996817;—;221.5666667;29.71666667
Sol;17/10/2025 16:00;"+221°24'41.1""";"+29°22'56.8""";-26.49;—;0.99654;—;221.4;29.36666667
Sol;18/10/2025 16:00;"+221°14'59.2""";"+29°02'41.1""";-26.48;—;0.996264;—;221.2333333;29.03333333
Sol;19/10/2025 16:00;"+221°05'16.8""";"+28°42'36.9""";-26.48;—;0.995987;—;221.0833333;28.7
Sol;20/10/2025 16:00;"+220°55'33.1""";"+28°22'44.7""";-26.48;—;0.995711;—;220.9166667;28.36666667
Sol;21/10/2025 16:00;"+220°45'48.8""";"+28°03'04.8""";-26.48;—;0.995434;—;220.75;28.05
Sol;22/10/2025 16:00;"+220°36'03.2""";"+27°43'37.9""";-26.47;—;0.995157;—;220.6;27.71666667
Sol;23/10/2025 16:00;"+220°26'17.0""";"+27°24'24.3""";-26.47;—;0.994881;—;220.4333333;27.4
Sol;24/10/2025 16:00;"+220°16'29.5""";"+27°05'24.3""";-26.47;—;0.994605;—;220.2666667;27.08333333
Sol;25/10/2025 16:00;"+220°06'41.4""";"+26°46'38.5""";-26.47;—;0.994329;—;220.1;26.76666667
Sol;26/10/2025 15:00;"+219°56'52.1""";"+26°28'07.3""";-26.46;—;0.994054;—;219.9333333;26.46666667
Sol;27/10/2025 15:00;"+219°47'02.2""";"+26°09'51.0""";-26.46;—;0.993781;—;219.7833333;26.15
Sol;28/10/2025 15:00;"+219°37'11.2""";"+25°51'50.2""";-26.46;—;0.993508;—;219.6166667;25.85
Sol;29/10/2025 15:00;"+219°27'19.6""";"+25°34'05.1""";-26.46;—;0.993237;—;219.45;25.56666667
Sol;30/10/2025 15:00;"+219°17'27.0""";"+25°16'36.2""";-26.45;—;0.992968;—;219.2833333;25.26666667
Sol;31/10/2025 15:00;"+219°07'33.9""";"+24°59'23.9""";-26.45;—;0.992701;—;219.1166667;24.98333333
Sol;01/11/2025 15:00;"+218°57'39.8""";"+24°42'28.7""";-26.45;—;0.992437;—;218.95;24.7
Sol;02/11/2025 15:00;"+218°47'45.2""";"+24°25'50.8""";-26.45;—;0.992175;—;218.7833333;24.41666667
Sol;03/11/2025 15:00;"+218°37'49.6""";"+24°09'30.7""";-26.44;—;0.991917;—;218.6166667;24.15
Sol;04/11/2025 15:00;"+218°27'53.7""";"+23°53'28.8""";-26.44;—;0.991663;—;218.45;23.88333333
Sol;05/11/2025 15:00;"+218°17'56.6""";"+23°37'45.4""";-26.44;—;0.991413;—;218.2833333;23.61666667
Sol;06/11/2025 15:00;"+218°07'59.2""";"+23°22'20.8""";-26.44;—;0.991167;—;218.1166667;23.36666667
Sol;07/11/2025 15:00;"+217°58'00.6""";"+23°07'15.5""";-26.43;—;0.990926;—;217.9666667;23.11666667
Sol;08/11/2025 15:00;"+217°48'01.7""";"+22°52'29.8""";-26.43;—;0.990688;—;217.8;22.86666667
Sol;09/11/2025 15:00;"+217°38'01.9""";"+22°38'04.2""";-26.43;—;0.990454;—;217.6333333;22.63333333
Sol;10/11/2025 15:00;"+217°28'01.8""";"+22°23'58.8""";-26.42;—;0.990224;—;217.4666667;22.38333333
Sol;11/11/2025 15:00;"+217°18'01.0""";"+22°10'14.2""";-26.42;—;0.989997;—;217.3;22.16666667
Sol;12/11/2025 15:00;"+217°08'00.2""";"+21°56'50.7""";-26.42;—;0.989773;—;217.1333333;21.93333333
Sol;13/11/2025 15:00;"+216°57'59.0""";"+21°43'48.5""";-26.42;—;0.989552;—;216.95;21.71666667
Sol;14/11/2025 15:00;"+216°47'58.1""";"+21°31'08.0""";-26.41;—;0.989334;—;216.7833333;21.51666667
Sol;15/11/2025 15:00;"+216°37'57.3""";"+21°18'49.6""";-26.41;—;0.989119;—;216.6166667;21.3
Sol;16/11/2025 15:00;"+216°27'57.2""";"+21°06'53.4""";-26.41;—;0.988905;—;216.45;21.1
Sol;17/11/2025 15:00;"+216°17'57.6""";"+20°55'19.8""";-26.41;—;0.988695;—;216.2833333;20.91666667
Sol;18/11/2025 15:00;"+216°07'59.4""";"+20°44'09.0""";-26.4;—;0.988486;—;216.1166667;20.73333333
Sol;19/11/2025 15:00;"+215°58'02.1""";"+20°33'21.4""";-26.4;—;0.98828;—;215.9666667;20.55
Sol;20/11/2025 15:00;"+215°48'06.6""";"+20°22'57.0""";-26.4;—;0.988076;—;215.8;20.36666667
Sol;21/11/2025 15:00;"+215°38'12.6""";"+20°12'56.2""";-26.4;—;0.987874;—;215.6333333;20.2
Sol;22/11/2025 15:00;"+215°28'21.1""";"+20°03'19.1""";-26.39;—;0.987675;—;215.4666667;20.05
Sol;23/11/2025 15:00;"+215°18'31.7""";"+19°54'06.0""";-26.39;—;0.987479;—;215.3;19.9
Sol;24/11/2025 15:00;"+215°08'45.2""";"+19°45'17.0""";-26.39;—;0.987285;—;215.1333333;19.75
Sol;25/11/2025 15:00;"+214°59'01.6""";"+19°36'52.5""";-26.39;—;0.987094;—;214.9833333;19.6
Sol;26/11/2025 15:00;"+214°49'21.5""";"+19°28'52.4""";-26.38;—;0.986906;—;214.8166667;19.46666667
Sol;27/11/2025 15:00;"+214°39'44.8""";"+19°21'17.1""";-26.38;—;0.986722;—;214.65;19.35
Sol;28/11/2025 15:00;"+214°30'12.4""";"+19°14'06.5""";-26.38;—;0.986542;—;214.5;19.23333333
Sol;29/11/2025 15:00;"+214°20'44.0""";"+19°07'21.0""";-26.38;—;0.986366;—;214.3333333;19.11666667
Sol;30/11/2025 15:00;"+214°11'20.5""";"+19°01'00.6""";-26.38;—;0.986194;—;214.1833333;19.01666667
Sol;01/12/2025 15:00;"+214°02'01.5""";"+18°55'05.5""";-26.38;—;0.986027;—;214.0333333;18.91666667
Sol;02/12/2025 15:00;"+213°52'47.9""";"+18°49'35.8""";-26.37;—;0.985865;—;213.8666667;18.81666667
Sol;03/12/2025 15:00;"+213°43'39.4""";"+18°44'31.5""";-26.37;—;0.985709;—;213.7166667;18.73333333
Sol;04/12/2025 15:00;"+213°34'36.7""";"+18°39'52.8""";-26.37;—;0.985559;—;213.5666667;18.65
Sol;05/12/2025 15:00;"+213°25'39.7""";"+18°35'39.7""";-26.37;—;0.985415;—;213.4166667;18.58333333
Sol;06/12/2025 15:00;"+213°16'49.0""";"+18°31'52.4""";-26.37;—;0.985276;—;213.2666667;18.51666667
Sol;07/12/2025 15:00;"+213°08'04.3""";"+18°28'31.0""";-26.37;—;0.985144;—;213.1333333;18.46666667
Sol;08/12/2025 15:00;"+212°59'26.7""";"+18°25'35.4""";-26.37;—;0.985017;—;212.9833333;18.41666667
Sol;09/12/2025 15:00;"+212°50'55.7""";"+18°23'05.8""";-26.37;—;0.984896;—;212.8333333;18.38333333
Sol;10/12/2025 15:00;"+212°42'32.2""";"+18°21'02.3""";-26.37;—;0.98478;—;212.7;18.35
Sol;11/12/2025 15:00;"+212°34'16.1""";"+18°19'24.9""";-26.37;—;0.984669;—;212.5666667;18.31666667
Sol;12/12/2025 15:00;"+212°26'08.3""";"+18°18'13.4""";-26.37;—;0.984563;—;212.4333333;18.3
Sol;13/12/2025 15:00;"+212°18'08.5""";"+18°17'28.2""";-26.37;—;0.984461;—;212.3;18.28333333
Sol;14/12/2025 15:00;"+212°10'17.7""";"+18°17'08.8""";-26.37;—;0.984364;—;212.1666667;18.28333333
Sol;15/12/2025 15:00;"+212°02'35.6""";"+18°17'15.6""";-26.37;—;0.98427;—;212.0333333;18.28333333
Sol;16/12/2025 15:00;"+211°55'03.4""";"+18°17'48.1""";-26.37;—;0.984181;—;211.9166667;18.28333333
Sol;17/12/2025 15:00;"+211°47'40.7""";"+18°18'46.6""";-26.37;—;0.984096;—;211.7833333;18.3
Sol;18/12/2025 15:00;"+211°40'28.5""";"+18°20'10.6""";-26.37;—;0.984014;—;211.6666667;18.33333333
Sol;19/12/2025 15:00;"+211°33'26.8""";"+18°22'00.4""";-26.37;—;0.983936;—;211.55;18.36666667
Sol;20/12/2025 15:00;"+211°26'36.3""";"+18°24'15.6""";-26.37;—;0.983862;—;211.4333333;18.4
Sol;21/12/2025 15:00;"+211°19'57.1""";"+18°26'56.1""";-26.37;—;0.983791;—;211.3166667;18.43333333
Sol;22/12/2025 15:00;"+211°13'29.9""";"+18°30'01.8""";-26.37;—;0.983724;—;211.2166667;18.5
Sol;23/12/2025 15:00;"+211°07'14.8""";"+18°33'32.5""";-26.37;—;0.983661;—;211.1166667;18.55
Sol;24/12/2025 15:00;"+211°01'12.5""";"+18°37'28.0""";-26.37;—;0.983602;—;211.0166667;18.61666667
Sol;25/12/2025 15:00;"+210°55'23.0""";"+18°41'48.2""";-26.38;—;0.983547;—;210.9166667;18.68333333
Sol;26/12/2025 15:00;"+210°49'47.2""";"+18°46'32.7""";-26.38;—;0.983497;—;210.8166667;18.76666667
Sol;27/12/2025 15:00;"+210°44'24.9""";"+18°51'41.6""";-26.38;—;0.983451;—;210.7333333;18.85
Sol;28/12/2025 15:00;"+210°39'16.9""";"+18°57'14.3""";-26.38;—;0.98341;—;210.65;18.95
Sol;29/12/2025 15:00;"+210°34'23.0""";"+19°03'11.0""";-26.38;—;0.983374;—;210.5666667;19.05
Sol;30/12/2025 15:00;"+210°29'44.2""";"+19°09'31.1""";-26.39;—;0.983344;—;210.4833333;19.15
Sol;31/12/2025 15:00;"+210°25'20.0""";"+19°16'14.6""";-26.39;—;0.983321;—;210.4166667;19.26666667
Sol;01/01/2026 15:00;"+210°21'11.2""";"+19°23'21.1""";-26.39;—;0.983303;—;210.35;19.38333333
