Nombre;Fecha y hora;Azimut;Altitud;Mag.;Fase;Dist., UA;Azimuts;Altures;;;;;;;;;Altures
Sol;01/01/2025 12:00;"+166°01'58.0""";"+24°18'25.3""";-26.46;—;0.98333;166.0166667;24.3;166;1;;166.0166667;;24;18;;24.3
Sol;02/01/2025 12:00;"+165°53'50.7""";"+24°22'26.0""";-26.47;—;0.983319;165.8833333;24.36666667;165;53;;165.8833333;;24;22;;24.36666667
Sol;03/01/2025 12:00;"+165°45'41.7""";"+24°26'53.5""";-26.47;—;0.983312;165.75;24.43333333;165;45;;165.75;;24;26;;24.43333333
Sol;04/01/2025 12:00;"+165°37'32.0""";"+24°31'48.0""";-26.47;—;0.98331;165.6166667;24.51666667;165;37;;165.6166667;;24;31;;24.51666667
Sol;05/01/2025 12:00;"+165°29'21.4""";"+24°37'09.2""";-26.47;—;0.983311;165.4833333;24.61666667;165;29;;165.4833333;;24;37;;24.61666667
Sol;06/01/2025 12:00;"+165°21'10.7""";"+24°42'57.0""";-26.47;—;0.983318;165.35;24.7;165;21;;165.35;;24;42;;24.7
Sol;07/01/2025 12:00;"+165°12'59.9""";"+24°49'11.4""";-26.47;—;0.983329;165.2;24.81666667;165;12;;165.2;;24;49;;24.81666667
Sol;08/01/2025 12:00;"+165°04'49.7""";"+24°55'52.1""";-26.47;—;0.983345;165.0666667;24.91666667;165;4;;165.0666667;;24;55;;24.91666667
Sol;09/01/2025 12:00;"+164°56'39.9""";"+25°02'59.0""";-26.47;—;0.983367;164.9333333;25.03333333;164;56;;164.9333333;;25;2;;25.03333333
Sol;10/01/2025 12:00;"+164°48'31.3""";"+25°10'31.9""";-26.47;—;0.983395;164.8;25.16666667;164;48;;164.8;;25;10;;25.16666667
Sol;11/01/2025 12:00;"+164°40'23.6""";"+25°18'30.6""";-26.48;—;0.983429;164.6666667;25.3;164;40;;164.6666667;;25;18;;25.3
Sol;12/01/2025 12:00;"+164°32'17.5""";"+25°26'54.9""";-26.48;—;0.983469;164.5333333;25.43333333;164;32;;164.5333333;;25;26;;25.43333333
Sol;13/01/2025 12:00;"+164°24'12.8""";"+25°35'44.6""";-26.48;—;0.983516;164.4;25.58333333;164;24;;164.4;;25;35;;25.58333333
Sol;14/01/2025 12:00;"+164°16'10.2""";"+25°44'59.5""";-26.48;—;0.983569;164.2666667;25.73333333;164;16;;164.2666667;;25;44;;25.73333333
Sol;15/01/2025 12:00;"+164°08'09.3""";"+25°54'39.5""";-26.48;—;0.983629;164.1333333;25.9;164;8;;164.1333333;;25;54;;25.9
Sol;16/01/2025 12:00;"+164°00'11.0""";"+26°04'44.2""";-26.48;—;0.983695;164;26.06666667;164;0;;164;;26;4;;26.06666667
Sol;17/01/2025 12:00;"+163°52'14.8""";"+26°15'13.5""";-26.49;—;0.983767;163.8666667;26.25;163;52;;163.8666667;;26;15;;26.25
Sol;18/01/2025 12:00;"+163°44'21.6""";"+26°26'07.2""";-26.49;—;0.983844;163.7333333;26.43333333;163;44;;163.7333333;;26;26;;26.43333333
Sol;19/01/2025 12:00;"+163°36'30.9""";"+26°37'25.0""";-26.49;—;0.983928;163.6;26.61666667;163;36;;163.6;;26;37;;26.61666667
Sol;20/01/2025 12:00;"+163°28'43.5""";"+26°49'06.7""";-26.49;—;0.984017;163.4666667;26.81666667;163;28;;163.4666667;;26;49;;26.81666667
Sol;21/01/2025 12:00;"+163°20'59.1""";"+27°01'11.9""";-26.49;—;0.984111;163.3333333;27.01666667;163;20;;163.3333333;;27;1;;27.01666667
Sol;22/01/2025 12:00;"+163°13'18.3""";"+27°13'40.5""";-26.49;—;0.98421;163.2166667;27.21666667;163;13;;163.2166667;;27;13;;27.21666667
Sol;23/01/2025 12:00;"+163°05'40.9""";"+27°26'32.1""";-26.5;—;0.984314;163.0833333;27.43333333;163;5;;163.0833333;;27;26;;27.43333333
Sol;24/01/2025 12:00;"+162°58'07.6""";"+27°39'46.5""";-26.5;—;0.984422;162.9666667;27.65;162;58;;162.9666667;;27;39;;27.65
Sol;25/01/2025 12:00;"+162°50'38.1""";"+27°53'23.3""";-26.5;—;0.984534;162.8333333;27.88333333;162;50;;162.8333333;;27;53;;27.88333333
Sol;26/01/2025 12:00;"+162°43'13.2""";"+28°07'22.3""";-26.5;—;0.98465;162.7166667;28.11666667;162;43;;162.7166667;;28;7;;28.11666667
Sol;27/01/2025 12:00;"+162°35'52.5""";"+28°21'43.1""";-26.5;—;0.98477;162.5833333;28.35;162;35;;162.5833333;;28;21;;28.35
Sol;28/01/2025 12:00;"+162°28'36.8""";"+28°36'25.3""";-26.5;—;0.984893;162.4666667;28.6;162;28;;162.4666667;;28;36;;28.6
Sol;29/01/2025 12:00;"+162°21'25.7""";"+28°51'28.7""";-26.51;—;0.98502;162.35;28.85;162;21;;162.35;;28;51;;28.85
Sol;30/01/2025 12:00;"+162°14'20.0""";"+29°06'52.9""";-26.51;—;0.985149;162.2333333;29.1;162;14;;162.2333333;;29;6;;29.1
Sol;31/01/2025 12:00;"+162°07'19.5""";"+29°22'37.5""";-26.51;—;0.985282;162.1166667;29.36666667;162;7;;162.1166667;;29;22;;29.36666667
Sol;01/02/2025 12:00;"+162°00'24.7""";"+29°38'42.2""";-26.51;—;0.985417;162;29.63333333;162;0;;162;;29;38;;29.63333333
Sol;02/02/2025 12:00;"+161°53'35.4""";"+29°55'06.7""";-26.51;—;0.985556;161.8833333;29.91666667;161;53;;161.8833333;;29;55;;29.91666667
Sol;03/02/2025 12:00;"+161°46'52.3""";"+30°11'50.5""";-26.52;—;0.985698;161.7666667;30.18333333;161;46;;161.7666667;;30;11;;30.18333333
Sol;04/02/2025 12:00;"+161°40'15.0""";"+30°28'53.2""";-26.52;—;0.985844;161.6666667;30.46666667;161;40;;161.6666667;;30;28;;30.46666667
Sol;05/02/2025 12:00;"+161°33'44.2""";"+30°46'14.6""";-26.52;—;0.985994;161.55;30.76666667;161;33;;161.55;;30;46;;30.76666667
Sol;06/02/2025 12:00;"+161°27'19.3""";"+31°03'54.1""";-26.52;—;0.986148;161.45;31.05;161;27;;161.45;;31;3;;31.05
Sol;07/02/2025 12:00;"+161°21'01.0""";"+31°21'51.4""";-26.52;—;0.986307;161.35;31.35;161;21;;161.35;;31;21;;31.35
Sol;08/02/2025 12:00;"+161°14'48.8""";"+31°40'06.0""";-26.52;—;0.986471;161.2333333;31.66666667;161;14;;161.2333333;;31;40;;31.66666667
Sol;09/02/2025 12:00;"+161°08'43.2""";"+31°58'37.6""";-26.53;—;0.986639;161.1333333;31.96666667;161;8;;161.1333333;;31;58;;31.96666667
Sol;10/02/2025 12:00;"+161°02'43.5""";"+32°17'25.8""";-26.53;—;0.986813;161.0333333;32.28333333;161;2;;161.0333333;;32;17;;32.28333333
Sol;11/02/2025 12:00;"+160°56'50.5""";"+32°36'30.1""";-26.53;—;0.986992;160.9333333;32.6;160;56;;160.9333333;;32;36;;32.6
Sol;12/02/2025 12:00;"+160°51'03.3""";"+32°55'50.1""";-26.53;—;0.987176;160.85;32.91666667;160;51;;160.85;;32;55;;32.91666667
Sol;13/02/2025 12:00;"+160°45'22.6""";"+33°15'25.5""";-26.53;—;0.987365;160.75;33.25;160;45;;160.75;;33;15;;33.25
Sol;14/02/2025 12:00;"+160°39'47.7""";"+33°35'15.9""";-26.53;—;0.987559;160.65;33.58333333;160;39;;160.65;;33;35;;33.58333333
Sol;15/02/2025 12:00;"+160°34'19.1""";"+33°55'20.9""";-26.54;—;0.987758;160.5666667;33.91666667;160;34;;160.5666667;;33;55;;33.91666667
Sol;16/02/2025 12:00;"+160°28'56.1""";"+34°15'40.0""";-26.54;—;0.987962;160.4666667;34.25;160;28;;160.4666667;;34;15;;34.25
Sol;17/02/2025 12:00;"+160°23'39.3""";"+34°36'12.8""";-26.54;—;0.988171;160.3833333;34.6;160;23;;160.3833333;;34;36;;34.6
Sol;18/02/2025 12:00;"+160°18'27.9""";"+34°56'58.9""";-26.54;—;0.988383;160.3;34.93333333;160;18;;160.3;;34;56;;34.93333333
Sol;19/02/2025 12:00;"+160°13'22.6""";"+35°17'58.0""";-26.54;—;0.9886;160.2166667;35.28333333;160;13;;160.2166667;;35;17;;35.28333333
Sol;20/02/2025 12:00;"+160°08'22.5""";"+35°39'09.6""";-26.54;—;0.98882;160.1333333;35.65;160;8;;160.1333333;;35;39;;35.65
Sol;21/02/2025 12:00;"+160°03'28.2""";"+36°00'33.2""";-26.55;—;0.989044;160.05;36;160;3;;160.05;;36;0;;36
Sol;22/02/2025 12:00;"+159°58'38.9""";"+36°22'08.4""";-26.55;—;0.98927;159.9666667;36.36666667;159;58;;159.9666667;;36;22;;36.36666667
Sol;23/02/2025 12:00;"+159°53'55.4""";"+36°43'54.8""";-26.55;—;0.9895;159.8833333;36.71666667;159;53;;159.8833333;;36;43;;36.71666667
Sol;24/02/2025 12:00;"+159°49'16.7""";"+37°05'51.9""";-26.55;—;0.989732;159.8166667;37.08333333;159;49;;159.8166667;;37;5;;37.08333333
Sol;25/02/2025 12:00;"+159°44'43.5""";"+37°27'59.3""";-26.55;—;0.989966;159.7333333;37.45;159;44;;159.7333333;;37;27;;37.45
Sol;26/02/2025 12:00;"+159°40'15.1""";"+37°50'16.5""";-26.55;—;0.990202;159.6666667;37.83333333;159;40;;159.6666667;;37;50;;37.83333333
Sol;27/02/2025 12:00;"+159°35'52.1""";"+38°12'43.1""";-26.55;—;0.990439;159.5833333;38.2;159;35;;159.5833333;;38;12;;38.2
Sol;28/02/2025 12:00;"+159°31'33.7""";"+38°35'18.7""";-26.55;—;0.990677;159.5166667;38.58333333;159;31;;159.5166667;;38;35;;38.58333333
Sol;01/03/2025 12:00;"+159°27'20.6""";"+38°58'02.7""";-26.56;—;0.990917;159.45;38.96666667;159;27;;159.45;;38;58;;38.96666667
Sol;02/03/2025 12:00;"+159°23'12.0""";"+39°20'54.7""";-26.56;—;0.991158;159.3833333;39.33333333;159;23;;159.3833333;;39;20;;39.33333333
Sol;03/03/2025 12:00;"+159°19'08.4""";"+39°43'54.3""";-26.56;—;0.9914;159.3166667;39.71666667;159;19;;159.3166667;;39;43;;39.71666667
Sol;04/03/2025 12:00;"+159°15'09.2""";"+40°07'01.0""";-26.56;—;0.991644;159.25;40.11666667;159;15;;159.25;;40;7;;40.11666667
Sol;05/03/2025 12:00;"+159°11'15.0""";"+40°30'14.4""";-26.56;—;0.991889;159.1833333;40.5;159;11;;159.1833333;;40;30;;40.5
Sol;06/03/2025 12:00;"+159°07'24.7""";"+40°53'33.9""";-26.56;—;0.992137;159.1166667;40.88333333;159;7;;159.1166667;;40;53;;40.88333333
Sol;07/03/2025 12:00;"+159°03'39.0""";"+41°16'59.2""";-26.56;—;0.992386;159.05;41.26666667;159;3;;159.05;;41;16;;41.26666667
Sol;08/03/2025 12:00;"+158°59'56.8""";"+41°40'29.8""";-26.56;—;0.992638;158.9833333;41.66666667;158;59;;158.9833333;;41;40;;41.66666667
Sol;09/03/2025 12:00;"+158°56'18.8""";"+42°04'05.2""";-26.56;—;0.992893;158.9333333;42.06666667;158;56;;158.9333333;;42;4;;42.06666667
Sol;10/03/2025 12:00;"+158°52'43.8""";"+42°27'45.0""";-26.56;—;0.99315;158.8666667;42.45;158;52;;158.8666667;;42;27;;42.45
Sol;11/03/2025 12:00;"+158°49'12.4""";"+42°51'28.8""";-26.57;—;0.99341;158.8166667;42.85;158;49;;158.8166667;;42;51;;42.85
Sol;12/03/2025 12:00;"+158°45'43.4""";"+43°15'16.1""";-26.57;—;0.993674;158.75;43.25;158;45;;158.75;;43;15;;43.25
Sol;13/03/2025 12:00;"+158°42'17.3""";"+43°39'06.4""";-26.57;—;0.99394;158.7;43.65;158;42;;158.7;;43;39;;43.65
Sol;14/03/2025 12:00;"+158°38'53.0""";"+44°02'59.5""";-26.57;—;0.994209;158.6333333;44.03333333;158;38;;158.6333333;;44;2;;44.03333333
Sol;15/03/2025 12:00;"+158°35'30.8""";"+44°26'54.8""";-26.57;—;0.994482;158.5833333;44.43333333;158;35;;158.5833333;;44;26;;44.43333333
Sol;16/03/2025 12:00;"+158°32'09.7""";"+44°50'52.0""";-26.57;—;0.994757;158.5333333;44.83333333;158;32;;158.5333333;;44;50;;44.83333333
Sol;17/03/2025 12:00;"+158°28'50.1""";"+45°14'50.5""";-26.57;—;0.995034;158.4666667;45.23333333;158;28;;158.4666667;;45;14;;45.23333333
Sol;18/03/2025 12:00;"+158°25'30.8""";"+45°38'50.1""";-26.57;—;0.995314;158.4166667;45.63333333;158;25;;158.4166667;;45;38;;45.63333333
Sol;19/03/2025 12:00;"+158°22'12.3""";"+46°02'50.2""";-26.57;—;0.995596;158.3666667;46.03333333;158;22;;158.3666667;;46;2;;46.03333333
Sol;20/03/2025 12:00;"+158°18'53.3""";"+46°26'50.4""";-26.57;—;0.99588;158.3;46.43333333;158;18;;158.3;;46;26;;46.43333333
Sol;21/03/2025 12:00;"+158°15'34.2""";"+46°50'50.3""";-26.57;—;0.996166;158.25;46.83333333;158;15;;158.25;;46;50;;46.83333333
Sol;22/03/2025 12:00;"+158°12'14.0""";"+47°14'49.5""";-26.57;—;0.996453;158.2;47.23333333;158;12;;158.2;;47;14;;47.23333333
Sol;23/03/2025 12:00;"+158°08'53.1""";"+47°38'47.5""";-26.57;—;0.996741;158.1333333;47.63333333;158;8;;158.1333333;;47;38;;47.63333333
Sol;24/03/2025 12:00;"+158°05'30.2""";"+48°02'43.9""";-26.57;—;0.997029;158.0833333;48.03333333;158;5;;158.0833333;;48;2;;48.03333333
Sol;25/03/2025 12:00;"+158°02'05.7""";"+48°26'38.1""";-26.57;—;0.997318;158.0333333;48.43333333;158;2;;158.0333333;;48;26;;48.43333333
Sol;26/03/2025 12:00;"+157°58'38.7""";"+48°50'29.9""";-26.57;—;0.997607;157.9666667;48.83333333;157;58;;157.9666667;;48;50;;48.83333333
Sol;27/03/2025 12:00;"+157°55'09.4""";"+49°14'18.7""";-26.58;—;0.997895;157.9166667;49.23333333;157;55;;157.9166667;;49;14;;49.23333333
Sol;28/03/2025 12:00;"+157°51'36.9""";"+49°38'04.2""";-26.58;—;0.998182;157.85;49.63333333;157;51;;157.85;;49;38;;49.63333333
Sol;29/03/2025 12:00;"+157°48'01.5""";"+50°01'45.7""";-26.58;—;0.998468;157.8;50.01666667;157;48;;157.8;;50;1;;50.01666667
Sol;30/03/2025 13:00;"+157°44'22.3""";"+50°25'23.0""";-26.58;—;0.998753;157.7333333;50.41666667;157;44;;157.7333333;;50;25;;50.41666667
Sol;31/03/2025 13:00;"+157°40'39.7""";"+50°48'55.6""";-26.58;—;0.999036;157.6666667;50.8;157;40;;157.6666667;;50;48;;50.8
Sol;01/04/2025 13:00;"+157°36'52.5""";"+51°12'23.0""";-26.58;—;0.999319;157.6;51.2;157;36;;157.6;;51;12;;51.2
Sol;02/04/2025 13:00;"+157°33'01.5""";"+51°35'44.8""";-26.58;—;0.9996;157.55;51.58333333;157;33;;157.55;;51;35;;51.58333333
Sol;03/04/2025 13:00;"+157°29'05.4""";"+51°59'00.7""";-26.58;—;0.999881;157.4833333;51.98333333;157;29;;157.4833333;;51;59;;51.98333333
Sol;04/04/2025 13:00;"+157°25'04.5""";"+52°22'10.0""";-26.58;—;1,000,161;157.4166667;52.36666667;157;25;;157.4166667;;52;22;;52.36666667
Sol;05/04/2025 13:00;"+157°20'57.7""";"+52°45'12.5""";-26.58;—;1,000,440;157.3333333;52.75;157;20;;157.3333333;;52;45;;52.75
Sol;06/04/2025 13:00;"+157°16'45.4""";"+53°08'07.6""";-26.58;—;1,000,720;157.2666667;53.13333333;157;16;;157.2666667;;53;8;;53.13333333
Sol;07/04/2025 13:00;"+157°12'26.2""";"+53°30'55.1""";-26.58;—;1,000,999;157.2;53.5;157;12;;157.2;;53;30;;53.5
Sol;08/04/2025 13:00;"+157°08'00.6""";"+53°53'34.4""";-26.58;—;1,001,279;157.1333333;53.88333333;157;8;;157.1333333;;53;53;;53.88333333
Sol;09/04/2025 13:00;"+157°03'27.1""";"+54°16'05.2""";-26.58;—;1,001,559;157.05;54.26666667;157;3;;157.05;;54;16;;54.26666667
Sol;10/04/2025 13:00;"+156°58'46.2""";"+54°38'27.0""";-26.58;—;1,001,840;156.9666667;54.63333333;156;58;;156.9666667;;54;38;;54.63333333
Sol;11/04/2025 13:00;"+156°53'56.3""";"+55°00'39.5""";-26.58;—;1,002,121;156.8833333;55;156;53;;156.8833333;;55;0;;55
Sol;12/04/2025 13:00;"+156°48'58.1""";"+55°22'42.3""";-26.58;—;1,002,402;156.8;55.36666667;156;48;;156.8;;55;22;;55.36666667
Sol;13/04/2025 13:00;"+156°43'49.8""";"+55°44'35.0""";-26.58;—;1,002,684;156.7166667;55.73333333;156;43;;156.7166667;;55;44;;55.73333333
Sol;14/04/2025 13:00;"+156°38'32.0""";"+56°06'17.1""";-26.58;—;1,002,966;156.6333333;56.1;156;38;;156.6333333;;56;6;;56.1
Sol;15/04/2025 13:00;"+156°33'03.2""";"+56°27'48.3""";-26.58;—;1,003,249;156.55;56.45;156;33;;156.55;;56;27;;56.45
Sol;16/04/2025 13:00;"+156°27'23.7""";"+56°49'08.2""";-26.58;—;1,003,531;156.45;56.81666667;156;27;;156.45;;56;49;;56.81666667
Sol;17/04/2025 13:00;"+156°21'32.1""";"+57°10'16.4""";-26.58;—;1,003,814;156.35;57.16666667;156;21;;156.35;;57;10;;57.16666667
Sol;18/04/2025 13:00;"+156°15'28.9""";"+57°31'12.4""";-26.58;—;1,004,096;156.25;57.51666667;156;15;;156.25;;57;31;;57.51666667
Sol;19/04/2025 13:00;"+156°09'12.5""";"+57°51'56.0""";-26.58;—;1,004,377;156.15;57.85;156;9;;156.15;;57;51;;57.85
Sol;20/04/2025 13:00;"+156°02'43.6""";"+58°12'26.6""";-26.58;—;1,004,658;156.0333333;58.2;156;2;;156.0333333;;58;12;;58.2
Sol;21/04/2025 13:00;"+155°56'00.6""";"+58°32'43.9""";-26.58;—;1,004,937;155.9333333;58.53333333;155;56;;155.9333333;;58;32;;58.53333333
Sol;22/04/2025 13:00;"+155°49'04.3""";"+58°52'47.4""";-26.58;—;1,005,214;155.8166667;58.86666667;155;49;;155.8166667;;58;52;;58.86666667
Sol;23/04/2025 13:00;"+155°41'53.0""";"+59°12'36.8""";-26.58;—;1,005,490;155.6833333;59.2;155;41;;155.6833333;;59;12;;59.2
Sol;24/04/2025 13:00;"+155°34'27.7""";"+59°32'11.6""";-26.58;—;1,005,763;155.5666667;59.53333333;155;34;;155.5666667;;59;32;;59.53333333
Sol;25/04/2025 13:00;"+155°26'46.8""";"+59°51'31.5""";-26.58;—;1,006,033;155.4333333;59.85;155;26;;155.4333333;;59;51;;59.85
Sol;26/04/2025 13:00;"+155°18'51.3""";"+60°10'36.0""";-26.58;—;1,006,300;155.3;60.16666667;155;18;;155.3;;60;10;;60.16666667
Sol;27/04/2025 13:00;"+155°10'39.8""";"+60°29'24.7""";-26.58;—;1,006,564;155.1666667;60.48333333;155;10;;155.1666667;;60;29;;60.48333333
Sol;28/04/2025 13:00;"+155°02'13.4""";"+60°47'57.4""";-26.58;—;1,006,824;155.0333333;60.78333333;155;2;;155.0333333;;60;47;;60.78333333
Sol;29/04/2025 13:00;"+154°53'30.9""";"+61°06'13.5""";-26.58;—;1,007,080;154.8833333;61.1;154;53;;154.8833333;;61;6;;61.1
Sol;30/04/2025 13:00;"+154°44'33.3""";"+61°24'12.8""";-26.58;—;1,007,333;154.7333333;61.4;154;44;;154.7333333;;61;24;;61.4
Sol;01/05/2025 13:00;"+154°35'19.5""";"+61°41'54.9""";-26.58;—;1,007,582;154.5833333;61.68333333;154;35;;154.5833333;;61;41;;61.68333333
Sol;02/05/2025 13:00;"+154°25'50.8""";"+61°59'19.4""";-26.58;—;1,007,828;154.4166667;61.98333333;154;25;;154.4166667;;61;59;;61.98333333
Sol;03/05/2025 13:00;"+154°16'05.8""";"+62°16'25.9""";-26.58;—;1,008,072;154.2666667;62.26666667;154;16;;154.2666667;;62;16;;62.26666667
Sol;04/05/2025 13:00;"+154°06'05.8""";"+62°33'14.2""";-26.58;—;1,008,312;154.1;62.55;154;6;;154.1;;62;33;;62.55
Sol;05/05/2025 13:00;"+153°55'49.4""";"+62°49'43.7""";-26.58;—;1,008,550;153.9166667;62.81666667;153;55;;153.9166667;;62;49;;62.81666667
Sol;06/05/2025 13:00;"+153°45'18.0""";"+63°05'54.4""";-26.58;—;1,008,785;153.75;63.08333333;153;45;;153.75;;63;5;;63.08333333
Sol;07/05/2025 13:00;"+153°34'30.2""";"+63°21'45.6""";-26.58;—;1,009,019;153.5666667;63.35;153;34;;153.5666667;;63;21;;63.35
Sol;08/05/2025 13:00;"+153°23'27.5""";"+63°37'17.3""";-26.58;—;1,009,250;153.3833333;63.61666667;153;23;;153.3833333;;63;37;;63.61666667
Sol;09/05/2025 13:00;"+153°12'08.6""";"+63°52'29.1""";-26.58;—;1,009,480;153.2;63.86666667;153;12;;153.2;;63;52;;63.86666667
Sol;10/05/2025 13:00;"+153°00'34.9""";"+64°07'20.6""";-26.58;—;1,009,708;153;64.11666667;153;0;;153;;64;7;;64.11666667
Sol;11/05/2025 13:00;"+152°48'45.4""";"+64°21'51.6""";-26.58;—;1,009,934;152.8;64.35;152;48;;152.8;;64;21;;64.35
Sol;12/05/2025 13:00;"+152°36'41.6""";"+64°36'01.7""";-26.58;—;1,010,158;152.6;64.6;152;36;;152.6;;64;36;;64.6
Sol;13/05/2025 13:00;"+152°24'22.5""";"+64°49'50.8""";-26.58;—;1,010,380;152.4;64.81666667;152;24;;152.4;;64;49;;64.81666667
Sol;14/05/2025 13:00;"+152°11'49.6""";"+65°03'18.5""";-26.58;—;1,010,601;152.1833333;65.05;152;11;;152.1833333;;65;3;;65.05
Sol;15/05/2025 13:00;"+151°59'02.0""";"+65°16'24.5""";-26.58;—;1,010,820;151.9833333;65.26666667;151;59;;151.9833333;;65;16;;65.26666667
Sol;16/05/2025 13:00;"+151°46'01.6""";"+65°29'08.6""";-26.58;—;1,011,036;151.7666667;65.48333333;151;46;;151.7666667;;65;29;;65.48333333
Sol;17/05/2025 13:00;"+151°32'47.5""";"+65°41'30.5""";-26.58;—;1,011,251;151.5333333;65.68333333;151;32;;151.5333333;;65;41;;65.68333333
Sol;18/05/2025 13:00;"+151°19'21.7""";"+65°53'30.0""";-26.58;—;1,011,463;151.3166667;65.88333333;151;19;;151.3166667;;65;53;;65.88333333
Sol;19/05/2025 13:00;"+151°05'43.5""";"+66°05'06.8""";-26.57;—;1,011,672;151.0833333;66.08333333;151;5;;151.0833333;;66;5;;66.08333333
Sol;20/05/2025 13:00;"+150°51'55.0""";"+66°16'20.7""";-26.57;—;1,011,878;150.85;66.26666667;150;51;;150.85;;66;16;;66.26666667
Sol;21/05/2025 13:00;"+150°37'55.9""";"+66°27'11.3""";-26.57;—;1,012,080;150.6166667;66.45;150;37;;150.6166667;;66;27;;66.45
Sol;22/05/2025 13:00;"+150°23'48.4""";"+66°37'38.7""";-26.57;—;1,012,279;150.3833333;66.61666667;150;23;;150.3833333;;66;37;;66.61666667
Sol;23/05/2025 13:00;"+150°09'32.2""";"+66°47'42.5""";-26.57;—;1,012,473;150.15;66.78333333;150;9;;150.15;;66;47;;66.78333333
Sol;24/05/2025 13:00;"+149°55'09.8""";"+66°57'22.6""";-26.57;—;1,012,663;149.9166667;66.95;149;55;;149.9166667;;66;57;;66.95
Sol;25/05/2025 13:00;"+149°40'41.2""";"+67°06'38.8""";-26.57;—;1,012,848;149.6666667;67.1;149;40;;149.6666667;;67;6;;67.1
Sol;26/05/2025 13:00;"+149°26'09.1""";"+67°15'31.2""";-26.57;—;1,013,028;149.4333333;67.25;149;26;;149.4333333;;67;15;;67.25
Sol;27/05/2025 13:00;"+149°11'33.7""";"+67°23'59.4""";-26.57;—;1,013,202;149.1833333;67.38333333;149;11;;149.1833333;;67;23;;67.38333333
Sol;28/05/2025 13:00;"+148°56'57.8""";"+67°32'03.5""";-26.57;—;1,013,371;148.9333333;67.53333333;148;56;;148.9333333;;67;32;;67.53333333
Sol;29/05/2025 13:00;"+148°42'21.8""";"+67°39'43.4""";-26.57;—;1,013,534;148.7;67.65;148;42;;148.7;;67;39;;67.65
Sol;30/05/2025 13:00;"+148°27'48.6""";"+67°46'59.2""";-26.57;—;1,013,693;148.45;67.76666667;148;27;;148.45;;67;46;;67.76666667
Sol;31/05/2025 13:00;"+148°13'18.5""";"+67°53'50.6""";-26.57;—;1,013,846;148.2166667;67.88333333;148;13;;148.2166667;;67;53;;67.88333333
Sol;01/06/2025 13:00;"+147°58'54.5""";"+68°00'17.8""";-26.57;—;1,013,994;147.9666667;68;147;58;;147.9666667;;68;0;;68
Sol;02/06/2025 13:00;"+147°44'36.8""";"+68°06'20.6""";-26.57;—;1,014,138;147.7333333;68.1;147;44;;147.7333333;;68;6;;68.1
Sol;03/06/2025 13:00;"+147°30'28.5""";"+68°11'59.3""";-26.57;—;1,014,278;147.5;68.18333333;147;30;;147.5;;68;11;;68.18333333
Sol;04/06/2025 13:00;"+147°16'29.6""";"+68°17'13.6""";-26.57;—;1,014,414;147.2666667;68.28333333;147;16;;147.2666667;;68;17;;68.28333333
Sol;05/06/2025 13:00;"+147°02'43.2""";"+68°22'03.7""";-26.57;—;1,014,546;147.0333333;68.36666667;147;2;;147.0333333;;68;22;;68.36666667
Sol;06/06/2025 13:00;"+146°49'09.4""";"+68°26'29.6""";-26.57;—;1,014,674;146.8166667;68.43333333;146;49;;146.8166667;;68;26;;68.43333333
Sol;07/06/2025 13:00;"+146°35'51.2""";"+68°30'31.6""";-26.57;—;1,014,799;146.5833333;68.5;146;35;;146.5833333;;68;30;;68.5
Sol;08/06/2025 13:00;"+146°22'48.6""";"+68°34'09.4""";-26.57;—;1,014,920;146.3666667;68.56666667;146;22;;146.3666667;;68;34;;68.56666667
Sol;09/06/2025 13:00;"+146°10'04.6""";"+68°37'23.4""";-26.57;—;1,015,038;146.1666667;68.61666667;146;10;;146.1666667;;68;37;;68.61666667
Sol;10/06/2025 13:00;"+145°57'39.3""";"+68°40'13.5""";-26.57;—;1,015,153;145.95;68.66666667;145;57;;145.95;;68;40;;68.66666667
Sol;11/06/2025 13:00;"+145°45'35.5""";"+68°42'40.0""";-26.57;—;1,015,265;145.75;68.7;145;45;;145.75;;68;42;;68.7
Sol;12/06/2025 13:00;"+145°33'53.3""";"+68°44'42.8""";-26.57;—;1,015,374;145.55;68.73333333;145;33;;145.55;;68;44;;68.73333333
Sol;13/06/2025 13:00;"+145°22'35.3""";"+68°46'22.2""";-26.57;—;1,015,479;145.3666667;68.76666667;145;22;;145.3666667;;68;46;;68.76666667
Sol;14/06/2025 13:00;"+145°11'41.6""";"+68°47'38.2""";-26.57;—;1,015,582;145.1833333;68.78333333;145;11;;145.1833333;;68;47;;68.78333333
Sol;15/06/2025 13:00;"+145°01'14.8""";"+68°48'31.1""";-26.57;—;1,015,681;145.0166667;68.8;145;1;;145.0166667;;68;48;;68.8
Sol;16/06/2025 13:00;"+144°51'14.8""";"+68°49'00.9""";-26.57;—;1,015,776;144.85;68.81666667;144;51;;144.85;;68;49;;68.81666667
Sol;17/06/2025 13:00;"+144°41'44.3""";"+68°49'07.9""";-26.57;—;1,015,867;144.6833333;68.81666667;144;41;;144.6833333;;68;49;;68.81666667
Sol;18/06/2025 13:00;"+144°32'43.1""";"+68°48'52.0""";-26.57;—;1,015,955;144.5333333;68.8;144;32;;144.5333333;;68;48;;68.8
Sol;19/06/2025 13:00;"+144°24'13.6""";"+68°48'13.6""";-26.57;—;1,016,038;144.4;68.8;144;24;;144.4;;68;48;;68.8
Sol;20/06/2025 13:00;"+144°16'15.8""";"+68°47'12.8""";-26.57;—;1,016,116;144.2666667;68.78333333;144;16;;144.2666667;;68;47;;68.78333333
Sol;21/06/2025 13:00;"+144°08'51.9""";"+68°45'49.9""";-26.57;—;1,016,189;144.1333333;68.75;144;8;;144.1333333;;68;45;;68.75
Sol;22/06/2025 13:00;"+144°02'01.7""";"+68°44'05.0""";-26.57;—;1,016,256;144.0333333;68.73333333;144;2;;144.0333333;;68;44;;68.73333333
Sol;23/06/2025 13:00;"+143°55'47.6""";"+68°41'58.5""";-26.57;—;1,016,317;143.9166667;68.68333333;143;55;;143.9166667;;68;41;;68.68333333
Sol;24/06/2025 13:00;"+143°50'09.1""";"+68°39'30.5""";-26.57;—;1,016,373;143.8333333;68.65;143;50;;143.8333333;;68;39;;68.65
Sol;25/06/2025 13:00;"+143°45'08.6""";"+68°36'41.5""";-26.57;—;1,016,422;143.75;68.6;143;45;;143.75;;68;36;;68.6
Sol;26/06/2025 13:00;"+143°40'45.6""";"+68°33'31.6""";-26.57;—;1,016,465;143.6666667;68.55;143;40;;143.6666667;;68;33;;68.55
Sol;27/06/2025 13:00;"+143°37'02.0""";"+68°30'01.2""";-26.57;—;1,016,502;143.6166667;68.5;143;37;;143.6166667;;68;30;;68.5
Sol;28/06/2025 13:00;"+143°33'57.3""";"+68°26'10.3""";-26.57;—;1,016,533;143.55;68.43333333;143;33;;143.55;;68;26;;68.43333333
Sol;29/06/2025 13:00;"+143°31'33.3""";"+68°21'59.6""";-26.57;—;1,016,557;143.5166667;68.35;143;31;;143.5166667;;68;21;;68.35
Sol;30/06/2025 13:00;"+143°29'48.9""";"+68°17'29.0""";-26.57;—;1,016,577;143.4833333;68.28333333;143;29;;143.4833333;;68;17;;68.28333333
Sol;01/07/2025 13:00;"+143°28'45.9""";"+68°12'39.0""";-26.57;—;1,016,591;143.4666667;68.2;143;28;;143.4666667;;68;12;;68.2
Sol;02/07/2025 13:00;"+143°28'23.0""";"+68°07'29.6""";-26.57;—;1,016,600;143.4666667;68.11666667;143;28;;143.4666667;;68;7;;68.11666667
Sol;03/07/2025 13:00;"+143°28'41.6""";"+68°02'01.3""";-26.57;—;1,016,604;143.4666667;68.03333333;143;28;;143.4666667;;68;2;;68.03333333
Sol;04/07/2025 13:00;"+143°29'40.3""";"+67°56'14.0""";-26.57;—;1,016,603;143.4833333;67.93333333;143;29;;143.4833333;;67;56;;67.93333333
Sol;05/07/2025 13:00;"+143°31'20.3""";"+67°50'08.4""";-26.57;—;1,016,598;143.5166667;67.83333333;143;31;;143.5166667;;67;50;;67.83333333
Sol;06/07/2025 13:00;"+143°33'40.1""";"+67°43'44.2""";-26.57;—;1,016,589;143.55;67.71666667;143;33;;143.55;;67;43;;67.71666667
Sol;07/07/2025 13:00;"+143°36'40.6""";"+67°37'02.1""";-26.57;—;1,016,576;143.6;67.61666667;143;36;;143.6;;67;37;;67.61666667
Sol;08/07/2025 13:00;"+143°40'20.2""";"+67°30'01.9""";-26.57;—;1,016,560;143.6666667;67.5;143;40;;143.6666667;;67;30;;67.5
Sol;09/07/2025 13:00;"+143°44'39.6""";"+67°22'44.2""";-26.57;—;1,016,539;143.7333333;67.36666667;143;44;;143.7333333;;67;22;;67.36666667
Sol;10/07/2025 13:00;"+143°49'37.2""";"+67°15'08.7""";-26.57;—;1,016,515;143.8166667;67.25;143;49;;143.8166667;;67;15;;67.25
Sol;11/07/2025 13:00;"+143°55'13.4""";"+67°07'16.1""";-26.57;—;1,016,488;143.9166667;67.11666667;143;55;;143.9166667;;67;7;;67.11666667
Sol;12/07/2025 13:00;"+144°01'26.6""";"+66°59'06.0""";-26.57;—;1,016,457;144.0166667;66.98333333;144;1;;144.0166667;;66;59;;66.98333333
Sol;13/07/2025 13:00;"+144°08'17.1""";"+66°50'39.1""";-26.57;—;1,016,423;144.1333333;66.83333333;144;8;;144.1333333;;66;50;;66.83333333
Sol;14/07/2025 13:00;"+144°15'43.2""";"+66°41'55.1""";-26.57;—;1,016,386;144.25;66.68333333;144;15;;144.25;;66;41;;66.68333333
Sol;15/07/2025 13:00;"+144°23'45.1""";"+66°32'54.4""";-26.57;—;1,016,344;144.3833333;66.53333333;144;23;;144.3833333;;66;32;;66.53333333
Sol;16/07/2025 13:00;"+144°32'21.0""";"+66°23'37.0""";-26.57;—;1,016,299;144.5333333;66.38333333;144;32;;144.5333333;;66;23;;66.38333333
Sol;17/07/2025 13:00;"+144°41'31.2""";"+66°14'03.2""";-26.57;—;1,016,250;144.6833333;66.23333333;144;41;;144.6833333;;66;14;;66.23333333
Sol;18/07/2025 13:00;"+144°51'13.8""";"+66°04'12.8""";-26.57;—;1,016,196;144.85;66.06666667;144;51;;144.85;;66;4;;66.06666667
Sol;19/07/2025 13:00;"+145°01'29.0""";"+65°54'06.4""";-26.57;—;1,016,138;145.0166667;65.9;145;1;;145.0166667;;65;54;;65.9
Sol;20/07/2025 13:00;"+145°12'15.0""";"+65°43'43.8""";-26.56;—;1,016,074;145.2;65.71666667;145;12;;145.2;;65;43;;65.71666667
Sol;21/07/2025 13:00;"+145°23'31.9""";"+65°33'05.5""";-26.56;—;1,016,005;145.3833333;65.55;145;23;;145.3833333;;65;33;;65.55
Sol;22/07/2025 13:00;"+145°35'17.8""";"+65°22'11.3""";-26.56;—;1,015,930;145.5833333;65.36666667;145;35;;145.5833333;;65;22;;65.36666667
Sol;23/07/2025 13:00;"+145°47'33.1""";"+65°11'01.8""";-26.56;—;1,015,850;145.7833333;65.18333333;145;47;;145.7833333;;65;11;;65.18333333
Sol;24/07/2025 13:00;"+146°00'15.9""";"+64°59'36.9""";-26.56;—;1,015,763;146;64.98333333;146;0;;146;;64;59;;64.98333333
Sol;25/07/2025 13:00;"+146°13'26.4""";"+64°47'57.1""";-26.56;—;1,015,670;146.2166667;64.78333333;146;13;;146.2166667;;64;47;;64.78333333
Sol;26/07/2025 13:00;"+146°27'02.6""";"+64°36'02.2""";-26.56;—;1,015,572;146.45;64.6;146;27;;146.45;;64;36;;64.6
Sol;27/07/2025 13:00;"+146°41'04.8""";"+64°23'52.8""";-26.56;—;1,015,467;146.6833333;64.38333333;146;41;;146.6833333;;64;23;;64.38333333
Sol;28/07/2025 13:00;"+146°55'31.1""";"+64°11'28.6""";-26.56;—;1,015,357;146.9166667;64.18333333;146;55;;146.9166667;;64;11;;64.18333333
Sol;29/07/2025 13:00;"+147°10'21.3""";"+63°58'50.2""";-26.56;—;1,015,242;147.1666667;63.96666667;147;10;;147.1666667;;63;58;;63.96666667
Sol;30/07/2025 13:00;"+147°25'33.7""";"+63°45'57.4""";-26.56;—;1,015,122;147.4166667;63.75;147;25;;147.4166667;;63;45;;63.75
Sol;31/07/2025 13:00;"+147°41'08.1""";"+63°32'50.6""";-26.56;—;1,014,997;147.6833333;63.53333333;147;41;;147.6833333;;63;32;;63.53333333
Sol;01/08/2025 13:00;"+147°57'02.5""";"+63°19'29.7""";-26.56;—;1,014,867;147.95;63.31666667;147;57;;147.95;;63;19;;63.31666667
Sol;02/08/2025 13:00;"+148°13'17.0""";"+63°05'55.2""";-26.56;—;1,014,733;148.2166667;63.08333333;148;13;;148.2166667;;63;5;;63.08333333
Sol;03/08/2025 13:00;"+148°29'49.5""";"+62°52'06.8""";-26.56;—;1,014,594;148.4833333;62.86666667;148;29;;148.4833333;;62;52;;62.86666667
Sol;04/08/2025 13:00;"+148°46'39.9""";"+62°38'05.0""";-26.56;—;1,014,452;148.7666667;62.63333333;148;46;;148.7666667;;62;38;;62.63333333
Sol;05/08/2025 13:00;"+149°03'46.2""";"+62°23'49.7""";-26.56;—;1,014,307;149.05;62.38333333;149;3;;149.05;;62;23;;62.38333333
Sol;06/08/2025 13:00;"+149°21'08.4""";"+62°09'21.2""";-26.56;—;1,014,158;149.35;62.15;149;21;;149.35;;62;9;;62.15
Sol;07/08/2025 13:00;"+149°38'44.4""";"+61°54'39.4""";-26.56;—;1,014,006;149.6333333;61.9;149;38;;149.6333333;;61;54;;61.9
Sol;08/08/2025 13:00;"+149°56'34.2""";"+61°39'44.6""";-26.56;—;1,013,852;149.9333333;61.65;149;56;;149.9333333;;61;39;;61.65
Sol;09/08/2025 13:00;"+150°14'35.7""";"+61°24'36.7""";-26.56;—;1,013,695;150.2333333;61.4;150;14;;150.2333333;;61;24;;61.4
Sol;10/08/2025 13:00;"+150°32'48.7""";"+61°09'16.0""";-26.56;—;1,013,535;150.5333333;61.15;150;32;;150.5333333;;61;9;;61.15
Sol;11/08/2025 13:00;"+150°51'11.5""";"+60°53'42.3""";-26.56;—;1,013,373;150.85;60.88333333;150;51;;150.85;;60;53;;60.88333333
Sol;12/08/2025 13:00;"+151°09'43.9""";"+60°37'56.1""";-26.56;—;1,013,208;151.15;60.61666667;151;9;;151.15;;60;37;;60.61666667
Sol;13/08/2025 13:00;"+151°28'24.0""";"+60°21'57.0""";-26.56;—;1,013,040;151.4666667;60.35;151;28;;151.4666667;;60;21;;60.35
Sol;14/08/2025 13:00;"+151°47'11.8""";"+60°05'45.5""";-26.56;—;1,012,870;151.7833333;60.08333333;151;47;;151.7833333;;60;5;;60.08333333
Sol;15/08/2025 13:00;"+152°06'05.4""";"+59°49'21.5""";-26.56;—;1,012,696;152.1;59.81666667;152;6;;152.1;;59;49;;59.81666667
Sol;16/08/2025 13:00;"+152°25'04.9""";"+59°32'45.3""";-26.56;—;1,012,519;152.4166667;59.53333333;152;25;;152.4166667;;59;32;;59.53333333
Sol;17/08/2025 13:00;"+152°44'08.5""";"+59°15'56.7""";-26.56;—;1,012,339;152.7333333;59.25;152;44;;152.7333333;;59;15;;59.25
Sol;18/08/2025 13:00;"+153°03'16.2""";"+58°58'56.4""";-26.56;—;1,012,154;153.05;58.96666667;153;3;;153.05;;58;58;;58.96666667
Sol;19/08/2025 13:00;"+153°22'26.6""";"+58°41'44.2""";-26.56;—;1,011,965;153.3666667;58.68333333;153;22;;153.3666667;;58;41;;58.68333333
Sol;20/08/2025 13:00;"+153°41'39.5""";"+58°24'20.5""";-26.56;—;1,011,771;153.6833333;58.4;153;41;;153.6833333;;58;24;;58.4
Sol;21/08/2025 13:00;"+154°00'53.6""";"+58°06'45.3""";-26.56;—;1,011,573;154;58.1;154;0;;154;;58;6;;58.1
Sol;22/08/2025 13:00;"+154°20'09.0""";"+57°48'59.1""";-26.56;—;1,011,370;154.3333333;57.8;154;20;;154.3333333;;57;48;;57.8
Sol;23/08/2025 13:00;"+154°39'24.2""";"+57°31'01.7""";-26.56;—;1,011,163;154.65;57.51666667;154;39;;154.65;;57;31;;57.51666667
Sol;24/08/2025 13:00;"+154°58'39.4""";"+57°12'53.9""";-26.56;—;1,010,950;154.9666667;57.2;154;58;;154.9666667;;57;12;;57.2
Sol;25/08/2025 13:00;"+155°17'53.2""";"+56°54'35.4""";-26.56;—;1,010,734;155.2833333;56.9;155;17;;155.2833333;;56;54;;56.9
Sol;26/08/2025 13:00;"+155°37'05.7""";"+56°36'06.8""";-26.56;—;1,010,513;155.6166667;56.6;155;37;;155.6166667;;56;36;;56.6
Sol;27/08/2025 13:00;"+155°56'15.6""";"+56°17'27.9""";-26.56;—;1,010,287;155.9333333;56.28333333;155;56;;155.9333333;;56;17;;56.28333333
Sol;28/08/2025 13:00;"+156°15'22.9""";"+55°58'39.4""";-26.56;—;1,010,058;156.25;55.96666667;156;15;;156.25;;55;58;;55.96666667
Sol;29/08/2025 13:00;"+156°34'26.4""";"+55°39'41.1""";-26.56;—;1,009,826;156.5666667;55.65;156;34;;156.5666667;;55;39;;55.65
Sol;30/08/2025 13:00;"+156°53'26.0""";"+55°20'33.5""";-26.56;—;1,009,590;156.8833333;55.33333333;156;53;;156.8833333;;55;20;;55.33333333
Sol;31/08/2025 13:00;"+157°12'20.6""";"+55°01'16.6""";-26.56;—;1,009,350;157.2;55.01666667;157;12;;157.2;;55;1;;55.01666667
Sol;01/09/2025 13:00;"+157°31'10.3""";"+54°41'50.9""";-26.56;—;1,009,109;157.5166667;54.68333333;157;31;;157.5166667;;54;41;;54.68333333
Sol;02/09/2025 13:00;"+157°49'53.7""";"+54°22'16.3""";-26.56;—;1,008,864;157.8166667;54.36666667;157;49;;157.8166667;;54;22;;54.36666667
Sol;03/09/2025 13:00;"+158°08'31.0""";"+54°02'33.4""";-26.56;—;1,008,618;158.1333333;54.03333333;158;8;;158.1333333;;54;2;;54.03333333
Sol;04/09/2025 13:00;"+158°27'01.0""";"+53°42'42.1""";-26.56;—;1,008,370;158.45;53.7;158;27;;158.45;;53;42;;53.7
Sol;05/09/2025 13:00;"+158°45'23.8""";"+53°22'42.8""";-26.56;—;1,008,120;158.75;53.36666667;158;45;;158.75;;53;22;;53.36666667
Sol;06/09/2025 13:00;"+159°03'38.1""";"+53°02'35.6""";-26.56;—;1,007,869;159.05;53.03333333;159;3;;159.05;;53;2;;53.03333333
Sol;07/09/2025 13:00;"+159°21'44.1""";"+52°42'20.8""";-26.56;—;1,007,618;159.35;52.7;159;21;;159.35;;52;42;;52.7
Sol;08/09/2025 13:00;"+159°39'40.6""";"+52°21'58.5""";-26.56;—;1,007,365;159.65;52.35;159;39;;159.65;;52;21;;52.35
Sol;09/09/2025 13:00;"+159°57'27.6""";"+52°01'29.0""";-26.56;—;1,007,112;159.95;52.01666667;159;57;;159.95;;52;1;;52.01666667
Sol;10/09/2025 13:00;"+160°15'04.0""";"+51°40'52.2""";-26.56;—;1,006,858;160.25;51.66666667;160;15;;160.25;;51;40;;51.66666667
Sol;11/09/2025 13:00;"+160°32'30.0""";"+51°20'08.8""";-26.56;—;1,006,603;160.5333333;51.33333333;160;32;;160.5333333;;51;20;;51.33333333
Sol;12/09/2025 13:00;"+160°49'44.5""";"+50°59'18.5""";-26.56;—;1,006,347;160.8166667;50.98333333;160;49;;160.8166667;;50;59;;50.98333333
Sol;13/09/2025 13:00;"+161°06'47.6""";"+50°38'22.1""";-26.56;—;1,006,090;161.1;50.63333333;161;6;;161.1;;50;38;;50.63333333
Sol;14/09/2025 13:00;"+161°23'38.4""";"+50°17'19.4""";-26.56;—;1,005,831;161.3833333;50.28333333;161;23;;161.3833333;;50;17;;50.28333333
Sol;15/09/2025 13:00;"+161°40'17.1""";"+49°56'11.0""";-26.56;—;1,005,571;161.6666667;49.93333333;161;40;;161.6666667;;49;56;;49.93333333
Sol;16/09/2025 13:00;"+161°56'42.7""";"+49°34'57.0""";-26.56;—;1,005,308;161.9333333;49.56666667;161;56;;161.9333333;;49;34;;49.56666667
Sol;17/09/2025 13:00;"+162°12'55.6""";"+49°13'37.9""";-26.56;—;1,005,043;162.2;49.21666667;162;12;;162.2;;49;13;;49.21666667
Sol;18/09/2025 13:00;"+162°28'54.8""";"+48°52'13.9""";-26.56;—;1,004,776;162.4666667;48.86666667;162;28;;162.4666667;;48;52;;48.86666667
Sol;19/09/2025 13:00;"+162°44'40.8""";"+48°30'45.5""";-26.56;—;1,004,507;162.7333333;48.5;162;44;;162.7333333;;48;30;;48.5
Sol;20/09/2025 13:00;"+163°00'12.6""";"+48°09'12.7""";-26.56;—;1,004,234;163;48.15;163;0;;163;;48;9;;48.15
Sol;21/09/2025 13:00;"+163°15'30.7""";"+47°47'36.3""";-26.56;—;1,003,959;163.25;47.78333333;163;15;;163.25;;47;47;;47.78333333
Sol;22/09/2025 13:00;"+163°30'34.2""";"+47°25'56.3""";-26.56;—;1,003,682;163.5;47.41666667;163;30;;163.5;;47;25;;47.41666667
Sol;23/09/2025 13:00;"+163°45'23.6""";"+47°04'13.3""";-26.56;—;1,003,402;163.75;47.06666667;163;45;;163.75;;47;4;;47.06666667
Sol;24/09/2025 13:00;"+163°59'58.0""";"+46°42'27.3""";-26.56;—;1,003,119;163.9833333;46.7;163;59;;163.9833333;;46;42;;46.7
Sol;25/09/2025 13:00;"+164°14'18.0""";"+46°20'39.1""";-26.56;—;1,002,835;164.2333333;46.33333333;164;14;;164.2333333;;46;20;;46.33333333
Sol;26/09/2025 13:00;"+164°28'22.6""";"+45°58'48.7""";-26.56;—;1,002,549;164.4666667;45.96666667;164;28;;164.4666667;;45;58;;45.96666667
Sol;27/09/2025 13:00;"+164°42'12.3""";"+45°36'56.7""";-26.56;—;1,002,261;164.7;45.6;164;42;;164.7;;45;36;;45.6
Sol;28/09/2025 13:00;"+164°55'46.3""";"+45°15'03.2""";-26.56;—;1,001,972;164.9166667;45.25;164;55;;164.9166667;;45;15;;45.25
Sol;29/09/2025 13:00;"+165°09'05.0""";"+44°53'08.9""";-26.55;—;1,001,682;165.15;44.88333333;165;9;;165.15;;44;53;;44.88333333
Sol;30/09/2025 13:00;"+165°22'07.6""";"+44°31'13.8""";-26.55;—;1,001,391;165.3666667;44.51666667;165;22;;165.3666667;;44;31;;44.51666667
Sol;01/10/2025 13:00;"+165°34'54.7""";"+44°09'18.6""";-26.55;—;1,001,099;165.5666667;44.15;165;34;;165.5666667;;44;9;;44.15
Sol;02/10/2025 13:00;"+165°47'25.3""";"+43°47'23.3""";-26.55;—;1,000,808;165.7833333;43.78333333;165;47;;165.7833333;;43;47;;43.78333333
Sol;03/10/2025 13:00;"+165°59'40.0""";"+43°25'28.7""";-26.55;—;1,000,517;165.9833333;43.41666667;165;59;;165.9833333;;43;25;;43.41666667
Sol;04/10/2025 13:00;"+166°11'38.0""";"+43°03'34.7""";-26.55;—;1,000,227;166.1833333;43.05;166;11;;166.1833333;;43;3;;43.05
Sol;05/10/2025 13:00;"+166°23'19.6""";"+42°41'41.9""";-26.55;—;0.999937;166.3833333;42.68333333;166;23;;166.3833333;;42;41;;42.68333333
Sol;06/10/2025 13:00;"+166°34'44.0""";"+42°19'50.5""";-26.55;—;0.999649;166.5666667;42.31666667;166;34;;166.5666667;;42;19;;42.31666667
Sol;07/10/2025 13:00;"+166°45'51.8""";"+41°58'01.0""";-26.55;—;0.999363;166.75;41.96666667;166;45;;166.75;;41;58;;41.96666667
Sol;08/10/2025 13:00;"+166°56'41.9""";"+41°36'13.5""";-26.55;—;0.999078;166.9333333;41.6;166;56;;166.9333333;;41;36;;41.6
Sol;09/10/2025 13:00;"+167°07'15.0""";"+41°14'28.4""";-26.55;—;0.998795;167.1166667;41.23333333;167;7;;167.1166667;;41;14;;41.23333333
Sol;10/10/2025 13:00;"+167°17'30.1""";"+40°52'46.0""";-26.55;—;0.998513;167.2833333;40.86666667;167;17;;167.2833333;;40;52;;40.86666667
Sol;11/10/2025 13:00;"+167°27'27.7""";"+40°31'06.9""";-26.55;—;0.998233;167.45;40.51666667;167;27;;167.45;;40;31;;40.51666667
Sol;12/10/2025 13:00;"+167°37'07.2""";"+40°09'31.0""";-26.55;—;0.997954;167.6166667;40.15;167;37;;167.6166667;;40;9;;40.15
Sol;13/10/2025 13:00;"+167°46'29.0""";"+39°47'59.2""";-26.54;—;0.997676;167.7666667;39.78333333;167;46;;167.7666667;;39;47;;39.78333333
Sol;14/10/2025 13:00;"+167°55'32.4""";"+39°26'31.6""";-26.54;—;0.997399;167.9166667;39.43333333;167;55;;167.9166667;;39;26;;39.43333333
Sol;15/10/2025 13:00;"+168°04'17.9""";"+39°05'08.8""";-26.54;—;0.997122;168.0666667;39.08333333;168;4;;168.0666667;;39;5;;39.08333333
Sol;16/10/2025 13:00;"+168°12'45.0""";"+38°43'51.0""";-26.54;—;0.996846;168.2;38.71666667;168;12;;168.2;;38;43;;38.71666667
Sol;17/10/2025 13:00;"+168°20'54.2""";"+38°22'38.8""";-26.54;—;0.996569;168.3333333;38.36666667;168;20;;168.3333333;;38;22;;38.36666667
Sol;18/10/2025 13:00;"+168°28'44.9""";"+38°01'32.6""";-26.54;—;0.996293;168.4666667;38.01666667;168;28;;168.4666667;;38;1;;38.01666667
Sol;19/10/2025 13:00;"+168°36'17.8""";"+37°40'32.9""";-26.54;—;0.996016;168.6;37.66666667;168;36;;168.6;;37;40;;37.66666667
Sol;20/10/2025 13:00;"+168°43'32.2""";"+37°19'39.9""";-26.54;—;0.99574;168.7166667;37.31666667;168;43;;168.7166667;;37;19;;37.31666667
Sol;21/10/2025 13:00;"+168°50'28.8""";"+36°58'54.3""";-26.54;—;0.995463;168.8333333;36.96666667;168;50;;168.8333333;;36;58;;36.96666667
Sol;22/10/2025 13:00;"+168°57'07.0""";"+36°38'16.3""";-26.54;—;0.995186;168.95;36.63333333;168;57;;168.95;;36;38;;36.63333333
Sol;23/10/2025 13:00;"+169°03'27.6""";"+36°17'46.6""";-26.53;—;0.99491;169.05;36.28333333;169;3;;169.05;;36;17;;36.28333333
Sol;24/10/2025 13:00;"+169°09'29.8""";"+35°57'25.4""";-26.53;—;0.994634;169.15;35.95;169;9;;169.15;;35;57;;35.95
Sol;25/10/2025 13:00;"+169°15'14.5""";"+35°37'13.3""";-26.53;—;0.994358;169.25;35.61666667;169;15;;169.25;;35;37;;35.61666667
Sol;26/10/2025 12:00;"+169°20'41.0""";"+35°17'10.6""";-26.53;—;0.994083;169.3333333;35.28333333;169;20;;169.3333333;;35;17;;35.28333333
Sol;27/10/2025 12:00;"+169°25'50.0""";"+34°57'17.9""";-26.53;—;0.993809;169.4166667;34.95;169;25;;169.4166667;;34;57;;34.95
Sol;28/10/2025 12:00;"+169°30'41.0""";"+34°37'35.4""";-26.53;—;0.993536;169.5;34.61666667;169;30;;169.5;;34;37;;34.61666667
Sol;29/10/2025 12:00;"+169°35'14.6""";"+34°18'03.7""";-26.53;—;0.993265;169.5833333;34.3;169;35;;169.5833333;;34;18;;34.3
Sol;30/10/2025 12:00;"+169°39'30.4""";"+33°58'43.2""";-26.53;—;0.992996;169.65;33.96666667;169;39;;169.65;;33;58;;33.96666667
Sol;31/10/2025 12:00;"+169°43'28.9""";"+33°39'34.4""";-26.52;—;0.992728;169.7166667;33.65;169;43;;169.7166667;;33;39;;33.65
Sol;01/11/2025 12:00;"+169°47'09.6""";"+33°20'37.4""";-26.52;—;0.992464;169.7833333;33.33333333;169;47;;169.7833333;;33;20;;33.33333333
Sol;02/11/2025 12:00;"+169°50'33.2""";"+33°01'53.0""";-26.52;—;0.992202;169.8333333;33.01666667;169;50;;169.8333333;;33;1;;33.01666667
Sol;03/11/2025 12:00;"+169°53'39.1""";"+32°43'21.3""";-26.52;—;0.991944;169.8833333;32.71666667;169;53;;169.8833333;;32;43;;32.71666667
Sol;04/11/2025 12:00;"+169°56'27.9""";"+32°25'02.8""";-26.52;—;0.991689;169.9333333;32.41666667;169;56;;169.9333333;;32;25;;32.41666667
Sol;05/11/2025 12:00;"+169°58'59.0""";"+32°06'57.8""";-26.52;—;0.991439;169.9666667;32.1;169;58;;169.9666667;;32;6;;32.1
Sol;06/11/2025 12:00;"+170°01'13.0""";"+31°49'06.7""";-26.52;—;0.991192;170.0166667;31.81666667;170;1;;170.0166667;;31;49;;31.81666667
Sol;07/11/2025 12:00;"+170°03'09.4""";"+31°31'29.8""";-26.51;—;0.99095;170.05;31.51666667;170;3;;170.05;;31;31;;31.51666667
Sol;08/11/2025 12:00;"+170°04'48.8""";"+31°14'07.6""";-26.51;—;0.990712;170.0666667;31.23333333;170;4;;170.0666667;;31;14;;31.23333333
Sol;09/11/2025 12:00;"+170°06'10.7""";"+30°57'00.4""";-26.51;—;0.990477;170.1;30.95;170;6;;170.1;;30;57;;30.95
Sol;10/11/2025 12:00;"+170°07'15.7""";"+30°40'08.6""";-26.51;—;0.990247;170.1166667;30.66666667;170;7;;170.1166667;;30;40;;30.66666667
Sol;11/11/2025 12:00;"+170°08'03.3""";"+30°23'32.5""";-26.51;—;0.99002;170.1333333;30.38333333;170;8;;170.1333333;;30;23;;30.38333333
Sol;12/11/2025 12:00;"+170°08'34.2""";"+30°07'12.8""";-26.51;—;0.989795;170.1333333;30.11666667;170;8;;170.1333333;;30;7;;30.11666667
Sol;13/11/2025 12:00;"+170°08'48.0""";"+29°51'09.7""";-26.5;—;0.989574;170.1333333;29.85;170;8;;170.1333333;;29;51;;29.85
Sol;14/11/2025 12:00;"+170°08'45.4""";"+29°35'23.7""";-26.5;—;0.989356;170.1333333;29.58333333;170;8;;170.1333333;;29;35;;29.58333333
Sol;15/11/2025 12:00;"+170°08'26.1""";"+29°19'55.0""";-26.5;—;0.98914;170.1333333;29.31666667;170;8;;170.1333333;;29;19;;29.31666667
Sol;16/11/2025 12:00;"+170°07'50.8""";"+29°04'44.4""";-26.5;—;0.988927;170.1166667;29.06666667;170;7;;170.1166667;;29;4;;29.06666667
Sol;17/11/2025 12:00;"+170°06'59.1""";"+28°49'51.9""";-26.5;—;0.988716;170.1;28.81666667;170;6;;170.1;;28;49;;28.81666667
Sol;18/11/2025 12:00;"+170°05'52.0""";"+28°35'18.2""";-26.5;—;0.988507;170.0833333;28.58333333;170;5;;170.0833333;;28;35;;28.58333333
Sol;19/11/2025 12:00;"+170°04'28.9""";"+28°21'03.4""";-26.49;—;0.9883;170.0666667;28.35;170;4;;170.0666667;;28;21;;28.35
Sol;20/11/2025 12:00;"+170°02'50.8""";"+28°07'08.1""";-26.49;—;0.988096;170.0333333;28.11666667;170;2;;170.0333333;;28;7;;28.11666667
Sol;21/11/2025 12:00;"+170°00'57.3""";"+27°53'32.6""";-26.49;—;0.987894;170;27.88333333;170;0;;170;;27;53;;27.88333333
Sol;22/11/2025 12:00;"+169°58'49.3""";"+27°40'17.3""";-26.49;—;0.987695;169.9666667;27.66666667;169;58;;169.9666667;;27;40;;27.66666667
Sol;23/11/2025 12:00;"+169°56'26.5""";"+27°27'22.5""";-26.49;—;0.987498;169.9333333;27.45;169;56;;169.9333333;;27;27;;27.45
Sol;24/11/2025 12:00;"+169°53'49.7""";"+27°14'48.6""";-26.49;—;0.987304;169.8833333;27.23333333;169;53;;169.8833333;;27;14;;27.23333333
Sol;25/11/2025 12:00;"+169°50'58.5""";"+27°02'36.0""";-26.49;—;0.987113;169.8333333;27.03333333;169;50;;169.8333333;;27;2;;27.03333333
Sol;26/11/2025 12:00;"+169°47'54.0""";"+26°50'45.0""";-26.48;—;0.986925;169.7833333;26.83333333;169;47;;169.7833333;;26;50;;26.83333333
Sol;27/11/2025 12:00;"+169°44'35.7""";"+26°39'15.9""";-26.48;—;0.98674;169.7333333;26.65;169;44;;169.7333333;;26;39;;26.65
Sol;28/11/2025 12:00;"+169°41'04.6""";"+26°28'09.1""";-26.48;—;0.986559;169.6833333;26.46666667;169;41;;169.6833333;;26;28;;26.46666667
Sol;29/11/2025 12:00;"+169°37'20.4""";"+26°17'24.8""";-26.48;—;0.986382;169.6166667;26.28333333;169;37;;169.6166667;;26;17;;26.28333333
Sol;30/11/2025 12:00;"+169°33'23.8""";"+26°07'03.4""";-26.48;—;0.98621;169.55;26.11666667;169;33;;169.55;;26;7;;26.11666667
Sol;01/12/2025 12:00;"+169°29'14.5""";"+25°57'05.1""";-26.48;—;0.986043;169.4833333;25.95;169;29;;169.4833333;;25;57;;25.95
Sol;02/12/2025 12:00;"+169°24'53.5""";"+25°47'30.3""";-26.48;—;0.98588;169.4;25.78333333;169;24;;169.4;;25;47;;25.78333333
Sol;03/12/2025 12:00;"+169°20'20.2""";"+25°38'19.0""";-26.47;—;0.985724;169.3333333;25.63333333;169;20;;169.3333333;;25;38;;25.63333333
Sol;04/12/2025 12:00;"+169°15'35.5""";"+25°29'31.7""";-26.47;—;0.985573;169.25;25.48333333;169;15;;169.25;;25;29;;25.48333333
Sol;05/12/2025 12:00;"+169°10'39.1""";"+25°21'08.3""";-26.47;—;0.985428;169.1666667;25.35;169;10;;169.1666667;;25;21;;25.35
Sol;06/12/2025 12:00;"+169°05'31.8""";"+25°13'09.3""";-26.47;—;0.985289;169.0833333;25.21666667;169;5;;169.0833333;;25;13;;25.21666667
Sol;07/12/2025 12:00;"+169°00'13.1""";"+25°05'34.7""";-26.47;—;0.985156;169;25.08333333;169;0;;169;;25;5;;25.08333333
Sol;08/12/2025 12:00;"+168°54'44.0""";"+24°58'25.0""";-26.47;—;0.985028;168.9;24.96666667;168;54;;168.9;;24;58;;24.96666667
Sol;09/12/2025 12:00;"+168°49'04.1""";"+24°51'40.2""";-26.47;—;0.984906;168.8166667;24.85;168;49;;168.8166667;;24;51;;24.85
Sol;10/12/2025 12:00;"+168°43'14.2""";"+24°45'20.7""";-26.47;—;0.98479;168.7166667;24.75;168;43;;168.7166667;;24;45;;24.75
Sol;11/12/2025 12:00;"+168°37'14.1""";"+24°39'26.5""";-26.47;—;0.984678;168.6166667;24.65;168;37;;168.6166667;;24;39;;24.65
Sol;12/12/2025 12:00;"+168°31'04.6""";"+24°33'58.0""";-26.46;—;0.984572;168.5166667;24.55;168;31;;168.5166667;;24;33;;24.55
Sol;13/12/2025 12:00;"+168°24'45.6""";"+24°28'55.3""";-26.46;—;0.984469;168.4;24.46666667;168;24;;168.4;;24;28;;24.46666667
Sol;14/12/2025 12:00;"+168°18'17.9""";"+24°24'18.7""";-26.46;—;0.984371;168.3;24.4;168;18;;168.3;;24;24;;24.4
Sol;15/12/2025 12:00;"+168°11'41.4""";"+24°20'08.1""";-26.46;—;0.984278;168.1833333;24.33333333;168;11;;168.1833333;;24;20;;24.33333333
Sol;16/12/2025 12:00;"+168°04'57.0""";"+24°16'23.9""";-26.46;—;0.984188;168.0666667;24.26666667;168;4;;168.0666667;;24;16;;24.26666667
Sol;17/12/2025 12:00;"+167°58'04.4""";"+24°13'06.1""";-26.46;—;0.984102;167.9666667;24.21666667;167;58;;167.9666667;;24;13;;24.21666667
Sol;18/12/2025 12:00;"+167°51'04.8""";"+24°10'15.0""";-26.46;—;0.98402;167.85;24.16666667;167;51;;167.85;;24;10;;24.16666667
Sol;19/12/2025 12:00;"+167°43'57.9""";"+24°07'50.5""";-26.46;—;0.983941;167.7166667;24.11666667;167;43;;167.7166667;;24;7;;24.11666667
Sol;20/12/2025 12:00;"+167°36'44.6""";"+24°05'52.8""";-26.46;—;0.983867;167.6;24.08333333;167;36;;167.6;;24;5;;24.08333333
Sol;21/12/2025 12:00;"+167°29'24.9""";"+24°04'22.1""";-26.46;—;0.983796;167.4833333;24.06666667;167;29;;167.4833333;;24;4;;24.06666667
Sol;22/12/2025 12:00;"+167°21'59.6""";"+24°03'18.3""";-26.46;—;0.983728;167.35;24.05;167;21;;167.35;;24;3;;24.05
Sol;23/12/2025 12:00;"+167°14'28.7""";"+24°02'41.6""";-26.46;—;0.983665;167.2333333;24.03333333;167;14;;167.2333333;;24;2;;24.03333333
Sol;24/12/2025 12:00;"+167°06'53.1""";"+24°02'32.0""";-26.46;—;0.983605;167.1;24.03333333;167;6;;167.1;;24;2;;24.03333333
Sol;25/12/2025 12:00;"+166°59'12.7""";"+24°02'49.6""";-26.46;—;0.98355;166.9833333;24.03333333;166;59;;166.9833333;;24;2;;24.03333333
Sol;26/12/2025 12:00;"+166°51'28.3""";"+24°03'34.4""";-26.46;—;0.983499;166.85;24.05;166;51;;166.85;;24;3;;24.05
Sol;27/12/2025 12:00;"+166°43'39.9""";"+24°04'46.3""";-26.46;—;0.983453;166.7166667;24.06666667;166;43;;166.7166667;;24;4;;24.06666667
Sol;28/12/2025 12:00;"+166°35'48.4""";"+24°06'25.5""";-26.46;—;0.983411;166.5833333;24.1;166;35;;166.5833333;;24;6;;24.1
Sol;29/12/2025 12:00;"+166°27'53.5""";"+24°08'31.8""";-26.46;—;0.983375;166.45;24.13333333;166;27;;166.45;;24;8;;24.13333333
Sol;30/12/2025 12:00;"+166°19'56.2""";"+24°11'05.3""";-26.46;—;0.983344;166.3166667;24.18333333;166;19;;166.3166667;;24;11;;24.18333333
Sol;31/12/2025 12:00;"+166°11'56.2""";"+24°14'05.9""";-26.46;—;0.98332;166.1833333;24.23333333;166;11;;166.1833333;;24;14;;24.23333333
Sol;01/01/2026 12:00;"+166°03'54.2""";"+24°17'33.5""";-26.46;—;0.983301;166.05;24.28333333;166;3;;166.05;;24;17;;24.28333333
